﻿Day,Wake up at 8 am,Go to bed at 11 pm,Drink 8 glasses of water,Go running,Diary
24,No,No,No,No,No
12,No,No,No,No,No
16,No,No,No,No,No
31,No,No,No,No,No
8,No,No,No,No,No
21,No,No,No,No,No
9,No,No,No,No,No
20,No,No,No,No,No
14,No,No,No,No,No
15,No,No,No,No,No
3,No,No,No,No,No
27,No,No,No,No,No
4,No,No,No,No,No
10,No,No,No,No,No
11,No,No,No,No,No
23,No,No,No,No,No
18,No,No,No,No,No
1,No,No,No,No,No
28,No,No,No,No,No
13,No,No,No,No,No
22,No,No,No,No,No
29,No,No,No,No,No
26,No,No,No,No,No
30,No,No,No,No,No
6,No,No,No,No,No
17,No,No,No,No,No
25,No,No,No,No,No
19,No,No,No,No,No
5,No,No,No,No,No
7,No,No,No,No,No
2,No,No,No,No,No