﻿Cover,Day,Date,Wake Up Early,Meditate,Exercise,Journal,Read,Drink Water,Progress,Month
Monday.png,Monday,"February 19, 2024",No,No,No,No,No,No,0,July 2023 (July%202023%2012e9f03e8f9c812e95b2ff66bd7033f8.md)
Tuesday.png,Tuesday,"January 30, 2024",No,No,No,No,No,No,0,July 2023 (July%202023%2012e9f03e8f9c812e95b2ff66bd7033f8.md)
Friday.png,Friday,"September 6, 2024",No,No,No,No,No,No,0,July 2023 (July%202023%2012e9f03e8f9c812e95b2ff66bd7033f8.md)
Friday.png,Friday,"September 8, 2023",No,No,No,No,No,No,0,July 2023 (July%202023%2012e9f03e8f9c812e95b2ff66bd7033f8.md)
Wednesday.png,Wednesday,"May 29, 2024",No,No,No,No,No,No,0,July 2023 (July%202023%2012e9f03e8f9c812e95b2ff66bd7033f8.md)
Friday.png,Friday,"June 23, 2023",Yes,Yes,Yes,Yes,No,Yes,0.84,June 2023 (June%202023%2012e9f03e8f9c810399b1d1e474193ee6.md)
Monday.png,Monday,"March 4, 2024",No,No,No,No,No,No,0,July 2023 (July%202023%2012e9f03e8f9c812e95b2ff66bd7033f8.md)
Thursday.png,Thursday,"November 16, 2023",No,No,No,No,No,No,0,July 2023 (July%202023%2012e9f03e8f9c812e95b2ff66bd7033f8.md)
Wednesday.png,Wednesday,"February 21, 2024",No,No,No,No,No,No,0,July 2023 (July%202023%2012e9f03e8f9c812e95b2ff66bd7033f8.md)
Tuesday.png,Tuesday,"July 4, 2023",Yes,Yes,Yes,Yes,Yes,Yes,1,July 2023 (July%202023%2012e9f03e8f9c812e95b2ff66bd7033f8.md)
Wednesday.png,Wednesday,"October 25, 2023",No,No,No,No,No,No,0,July 2023 (July%202023%2012e9f03e8f9c812e95b2ff66bd7033f8.md)
Wednesday.png,Wednesday,"June 19, 2024",No,No,No,No,No,No,0,July 2023 (July%202023%2012e9f03e8f9c812e95b2ff66bd7033f8.md)
Friday.png,Friday,"May 10, 2024",No,No,No,No,No,No,0,July 2023 (July%202023%2012e9f03e8f9c812e95b2ff66bd7033f8.md)
Sunday.png,Sunday,"February 18, 2024",No,No,No,No,No,No,0,July 2023 (July%202023%2012e9f03e8f9c812e95b2ff66bd7033f8.md)
Saturday.png,Saturday,"October 21, 2023",No,No,No,No,No,No,0,July 2023 (July%202023%2012e9f03e8f9c812e95b2ff66bd7033f8.md)
Saturday.png,Saturday,"April 27, 2024",No,No,No,No,No,No,0,July 2023 (July%202023%2012e9f03e8f9c812e95b2ff66bd7033f8.md)
Tuesday.png,Tuesday,"May 14, 2024",No,No,No,No,No,No,0,July 2023 (July%202023%2012e9f03e8f9c812e95b2ff66bd7033f8.md)
Saturday.png,Saturday,"April 13, 2024",No,No,No,No,No,No,0,July 2023 (July%202023%2012e9f03e8f9c812e95b2ff66bd7033f8.md)
Wednesday.png,Wednesday,"June 26, 2024",No,No,No,No,No,No,0,July 2023 (July%202023%2012e9f03e8f9c812e95b2ff66bd7033f8.md)
Monday.png,Monday,"April 15, 2024",No,No,No,No,No,No,0,July 2023 (July%202023%2012e9f03e8f9c812e95b2ff66bd7033f8.md)
Thursday.png,Thursday,"August 1, 2024",No,No,No,No,No,No,0,July 2023 (July%202023%2012e9f03e8f9c812e95b2ff66bd7033f8.md)
Tuesday.png,Tuesday,"August 20, 2024",No,No,No,No,No,No,0,July 2023 (July%202023%2012e9f03e8f9c812e95b2ff66bd7033f8.md)
Sunday.png,Sunday,"October 1, 2023",No,No,No,No,No,No,0,July 2023 (July%202023%2012e9f03e8f9c812e95b2ff66bd7033f8.md)
Friday.png,Friday,"June 9, 2023",No,Yes,Yes,Yes,Yes,Yes,0.84,June 2023 (June%202023%2012e9f03e8f9c810399b1d1e474193ee6.md)
Saturday.png,Saturday,"March 9, 2024",No,No,No,No,No,No,0,July 2023 (July%202023%2012e9f03e8f9c812e95b2ff66bd7033f8.md)
Friday.png,Friday,"July 19, 2024",No,No,No,No,No,No,0,July 2023 (July%202023%2012e9f03e8f9c812e95b2ff66bd7033f8.md)
Tuesday.png,Tuesday,"November 21, 2023",No,No,No,No,No,No,0,July 2023 (July%202023%2012e9f03e8f9c812e95b2ff66bd7033f8.md)
Saturday.png,Saturday,"July 15, 2023",Yes,Yes,Yes,Yes,Yes,Yes,1,July 2023 (July%202023%2012e9f03e8f9c812e95b2ff66bd7033f8.md)
Saturday.png,Saturday,"January 6, 2024",No,No,No,No,No,No,0,July 2023 (July%202023%2012e9f03e8f9c812e95b2ff66bd7033f8.md)
Saturday.png,Saturday,"July 27, 2024",No,No,No,No,No,No,0,July 2023 (July%202023%2012e9f03e8f9c812e95b2ff66bd7033f8.md)
Tuesday.png,Tuesday,"October 3, 2023",No,No,No,No,No,No,0,July 2023 (July%202023%2012e9f03e8f9c812e95b2ff66bd7033f8.md)
Sunday.png,Sunday,"September 15, 2024",No,No,No,No,No,No,0,July 2023 (July%202023%2012e9f03e8f9c812e95b2ff66bd7033f8.md)
Thursday.png,Thursday,"March 21, 2024",No,No,No,No,No,No,0,July 2023 (July%202023%2012e9f03e8f9c812e95b2ff66bd7033f8.md)
Tuesday.png,Tuesday,"August 1, 2023",No,No,No,No,No,No,0,July 2023 (July%202023%2012e9f03e8f9c812e95b2ff66bd7033f8.md)
Saturday.png,Saturday,"September 14, 2024",No,No,No,No,No,No,0,July 2023 (July%202023%2012e9f03e8f9c812e95b2ff66bd7033f8.md)
Thursday.png,Thursday,"September 19, 2024",No,No,No,No,No,No,0,July 2023 (July%202023%2012e9f03e8f9c812e95b2ff66bd7033f8.md)
Tuesday.png,Tuesday,"September 17, 2024",No,No,No,No,No,No,0,July 2023 (July%202023%2012e9f03e8f9c812e95b2ff66bd7033f8.md)
Friday.png,Friday,"June 16, 2023",Yes,Yes,Yes,Yes,No,Yes,0.84,June 2023 (June%202023%2012e9f03e8f9c810399b1d1e474193ee6.md)
Monday.png,Monday,"September 16, 2024",No,No,No,No,No,No,0,July 2023 (July%202023%2012e9f03e8f9c812e95b2ff66bd7033f8.md)
Friday.png,Friday,"September 20, 2024",No,No,No,No,No,No,0,July 2023 (July%202023%2012e9f03e8f9c812e95b2ff66bd7033f8.md)
Sunday.png,Sunday,"September 22, 2024",No,No,No,No,No,No,0,July 2023 (July%202023%2012e9f03e8f9c812e95b2ff66bd7033f8.md)
Saturday.png,Saturday,"September 21, 2024",No,No,No,No,No,No,0,July 2023 (July%202023%2012e9f03e8f9c812e95b2ff66bd7033f8.md)
Monday.png,Monday,"January 29, 2024",No,No,No,No,No,No,0,July 2023 (July%202023%2012e9f03e8f9c812e95b2ff66bd7033f8.md)
Wednesday.png,Wednesday,"September 25, 2024",No,No,No,No,No,No,0,July 2023 (July%202023%2012e9f03e8f9c812e95b2ff66bd7033f8.md)
Saturday.png,Saturday,"September 7, 2024",No,No,No,No,No,No,0,July 2023 (July%202023%2012e9f03e8f9c812e95b2ff66bd7033f8.md)
Thursday.png,Thursday,"September 26, 2024",No,No,No,No,No,No,0,July 2023 (July%202023%2012e9f03e8f9c812e95b2ff66bd7033f8.md)
Saturday.png,Saturday,"September 28, 2024",No,No,No,No,No,No,0,July 2023 (July%202023%2012e9f03e8f9c812e95b2ff66bd7033f8.md)
Sunday.png,Sunday,"September 29, 2024",No,No,No,No,No,No,0,July 2023 (July%202023%2012e9f03e8f9c812e95b2ff66bd7033f8.md)
Friday.png,Friday,"September 27, 2024",No,No,No,No,No,No,0,July 2023 (July%202023%2012e9f03e8f9c812e95b2ff66bd7033f8.md)
Monday.png,Monday,"September 23, 2024",No,No,No,No,No,No,0,July 2023 (July%202023%2012e9f03e8f9c812e95b2ff66bd7033f8.md)
Thursday.png,Thursday,"October 3, 2024",No,No,No,No,No,No,0,July 2023 (July%202023%2012e9f03e8f9c812e95b2ff66bd7033f8.md)
Friday.png,Friday,"October 4, 2024",No,No,No,No,No,No,0,July 2023 (July%202023%2012e9f03e8f9c812e95b2ff66bd7033f8.md)
Wednesday.png,Wednesday,"October 2, 2024",No,No,No,No,No,No,0,July 2023 (July%202023%2012e9f03e8f9c812e95b2ff66bd7033f8.md)
Monday.png,Monday,"September 30, 2024",No,No,No,No,No,No,0,July 2023 (July%202023%2012e9f03e8f9c812e95b2ff66bd7033f8.md)
Tuesday.png,Tuesday,"October 1, 2024",No,No,No,No,No,No,0,July 2023 (July%202023%2012e9f03e8f9c812e95b2ff66bd7033f8.md)
Saturday.png,Saturday,"October 5, 2024",No,No,No,No,No,No,0,July 2023 (July%202023%2012e9f03e8f9c812e95b2ff66bd7033f8.md)
Sunday.png,Sunday,"October 6, 2024",No,No,No,No,No,No,0,July 2023 (July%202023%2012e9f03e8f9c812e95b2ff66bd7033f8.md)
Wednesday.png,Wednesday,"October 9, 2024",No,No,No,No,No,No,0,July 2023 (July%202023%2012e9f03e8f9c812e95b2ff66bd7033f8.md)
Monday.png,Monday,"October 7, 2024",No,No,No,No,No,No,0,July 2023 (July%202023%2012e9f03e8f9c812e95b2ff66bd7033f8.md)
Sunday.png,Sunday,"July 7, 2024",No,No,No,No,No,No,0,July 2023 (July%202023%2012e9f03e8f9c812e95b2ff66bd7033f8.md)
Tuesday.png,Tuesday,"October 8, 2024",No,No,No,No,No,No,0,July 2023 (July%202023%2012e9f03e8f9c812e95b2ff66bd7033f8.md)
Thursday.png,Thursday,"January 18, 2024",No,No,No,No,No,No,0,July 2023 (July%202023%2012e9f03e8f9c812e95b2ff66bd7033f8.md)
Wednesday.png,Wednesday,"December 13, 2023",No,No,No,No,No,No,0,July 2023 (July%202023%2012e9f03e8f9c812e95b2ff66bd7033f8.md)
Thursday.png,Thursday,"October 10, 2024",No,No,No,No,No,No,0,July 2023 (July%202023%2012e9f03e8f9c812e95b2ff66bd7033f8.md)
Saturday.png,Saturday,"October 12, 2024",No,No,No,No,No,No,0,July 2023 (July%202023%2012e9f03e8f9c812e95b2ff66bd7033f8.md)
Sunday.png,Sunday,"October 13, 2024",No,No,No,No,No,No,0,July 2023 (July%202023%2012e9f03e8f9c812e95b2ff66bd7033f8.md)
Friday.png,Friday,"October 11, 2024",No,No,No,No,No,No,0,July 2023 (July%202023%2012e9f03e8f9c812e95b2ff66bd7033f8.md)
Tuesday.png,Tuesday,"October 15, 2024",No,No,No,No,No,No,0,July 2023 (July%202023%2012e9f03e8f9c812e95b2ff66bd7033f8.md)
Thursday.png,Thursday,"October 17, 2024",No,No,No,No,No,No,0,July 2023 (July%202023%2012e9f03e8f9c812e95b2ff66bd7033f8.md)
Monday.png,Monday,"October 14, 2024",No,No,No,No,No,No,0,July 2023 (July%202023%2012e9f03e8f9c812e95b2ff66bd7033f8.md)
Wednesday.png,Wednesday,"July 24, 2024",No,No,No,No,No,No,0,July 2023 (July%202023%2012e9f03e8f9c812e95b2ff66bd7033f8.md)
Wednesday.png,Wednesday,"October 16, 2024",No,No,No,No,No,No,0,July 2023 (July%202023%2012e9f03e8f9c812e95b2ff66bd7033f8.md)
Monday.png,Monday,"October 21, 2024",No,No,No,No,No,No,0,July 2023 (July%202023%2012e9f03e8f9c812e95b2ff66bd7033f8.md)
Sunday.png,Sunday,"October 20, 2024",No,No,No,No,No,No,0,July 2023 (July%202023%2012e9f03e8f9c812e95b2ff66bd7033f8.md)
Tuesday.png,Tuesday,"October 22, 2024",No,No,No,No,No,No,0,July 2023 (July%202023%2012e9f03e8f9c812e95b2ff66bd7033f8.md)
Friday.png,Friday,"October 18, 2024",No,No,No,No,No,No,0,July 2023 (July%202023%2012e9f03e8f9c812e95b2ff66bd7033f8.md)
Wednesday.png,Wednesday,"October 23, 2024",No,No,No,No,No,No,0,July 2023 (July%202023%2012e9f03e8f9c812e95b2ff66bd7033f8.md)
Saturday.png,Saturday,"October 19, 2024",No,No,No,No,No,No,0,July 2023 (July%202023%2012e9f03e8f9c812e95b2ff66bd7033f8.md)
Wednesday.png,Wednesday,"June 7, 2023",Yes,Yes,Yes,No,Yes,Yes,0.84,June 2023 (June%202023%2012e9f03e8f9c810399b1d1e474193ee6.md)
Thursday.png,Thursday,"August 24, 2023",No,No,No,No,No,No,0,July 2023 (July%202023%2012e9f03e8f9c812e95b2ff66bd7033f8.md)
Thursday.png,Thursday,"October 24, 2024",No,No,No,No,No,No,0,July 2023 (July%202023%2012e9f03e8f9c812e95b2ff66bd7033f8.md)
Sunday.png,Sunday,"October 27, 2024",No,No,No,No,No,No,0,July 2023 (July%202023%2012e9f03e8f9c812e95b2ff66bd7033f8.md)
Saturday.png,Saturday,"October 26, 2024",No,No,No,No,No,No,0,July 2023 (July%202023%2012e9f03e8f9c812e95b2ff66bd7033f8.md)
Monday.png,Monday,"August 21, 2023",No,No,No,No,No,No,0,July 2023 (July%202023%2012e9f03e8f9c812e95b2ff66bd7033f8.md)
Thursday.png,Thursday,"September 7, 2023",No,No,No,No,No,No,0,July 2023 (July%202023%2012e9f03e8f9c812e95b2ff66bd7033f8.md)
Friday.png,Friday,"October 25, 2024",No,No,No,No,No,No,0,July 2023 (July%202023%2012e9f03e8f9c812e95b2ff66bd7033f8.md)
Sunday.png,Sunday,"July 28, 2024",No,No,No,No,No,No,0,July 2023 (July%202023%2012e9f03e8f9c812e95b2ff66bd7033f8.md)
Tuesday.png,Tuesday,"October 29, 2024",No,No,No,No,No,No,0,July 2023 (July%202023%2012e9f03e8f9c812e95b2ff66bd7033f8.md)
Friday.png,Friday,"July 21, 2023",No,No,No,No,No,No,0,July 2023 (July%202023%2012e9f03e8f9c812e95b2ff66bd7033f8.md)
Monday.png,Monday,"October 28, 2024",No,No,No,No,No,No,0,July 2023 (July%202023%2012e9f03e8f9c812e95b2ff66bd7033f8.md)
Sunday.png,Sunday,"February 4, 2024",No,No,No,No,No,No,0,July 2023 (July%202023%2012e9f03e8f9c812e95b2ff66bd7033f8.md)
Wednesday.png,Wednesday,"June 21, 2023",Yes,Yes,Yes,Yes,Yes,Yes,1,June 2023 (June%202023%2012e9f03e8f9c810399b1d1e474193ee6.md)
Wednesday.png,Wednesday,"October 4, 2023",No,No,No,No,No,No,0,July 2023 (July%202023%2012e9f03e8f9c812e95b2ff66bd7033f8.md)
Tuesday.png,Tuesday,"November 14, 2023",No,No,No,No,No,No,0,July 2023 (July%202023%2012e9f03e8f9c812e95b2ff66bd7033f8.md)
Tuesday.png,Tuesday,"August 22, 2023",No,No,No,No,No,No,0,July 2023 (July%202023%2012e9f03e8f9c812e95b2ff66bd7033f8.md)
Thursday.png,Thursday,"April 11, 2024",No,No,No,No,No,No,0,July 2023 (July%202023%2012e9f03e8f9c812e95b2ff66bd7033f8.md)
Thursday.png,Thursday,"August 22, 2024",No,No,No,No,No,No,0,July 2023 (July%202023%2012e9f03e8f9c812e95b2ff66bd7033f8.md)
Thursday.png,Thursday,"November 2, 2023",No,No,No,No,No,No,0,July 2023 (July%202023%2012e9f03e8f9c812e95b2ff66bd7033f8.md)
Saturday.png,Saturday,"November 18, 2023",No,No,No,No,No,No,0,July 2023 (July%202023%2012e9f03e8f9c812e95b2ff66bd7033f8.md)
Tuesday.png,Tuesday,"June 13, 2023",Yes,Yes,Yes,Yes,No,Yes,0.84,June 2023 (June%202023%2012e9f03e8f9c810399b1d1e474193ee6.md)
Tuesday.png,Tuesday,"July 16, 2024",No,No,No,No,No,No,0,July 2023 (July%202023%2012e9f03e8f9c812e95b2ff66bd7033f8.md)
Saturday.png,Saturday,"September 9, 2023",No,No,No,No,No,No,0,July 2023 (July%202023%2012e9f03e8f9c812e95b2ff66bd7033f8.md)
Saturday.png,Saturday,"July 22, 2023",No,No,No,No,No,No,0,July 2023 (July%202023%2012e9f03e8f9c812e95b2ff66bd7033f8.md)
Monday.png,Monday,"July 22, 2024",No,No,No,No,No,No,0,July 2023 (July%202023%2012e9f03e8f9c812e95b2ff66bd7033f8.md)
Monday.png,Monday,"December 18, 2023",No,No,No,No,No,No,0,July 2023 (July%202023%2012e9f03e8f9c812e95b2ff66bd7033f8.md)
Sunday.png,Sunday,"June 2, 2024",No,No,No,No,No,No,0,July 2023 (July%202023%2012e9f03e8f9c812e95b2ff66bd7033f8.md)
Tuesday.png,Tuesday,"September 10, 2024",No,No,No,No,No,No,0,July 2023 (July%202023%2012e9f03e8f9c812e95b2ff66bd7033f8.md)
Thursday.png,Thursday,"June 6, 2024",No,No,No,No,No,No,0,July 2023 (July%202023%2012e9f03e8f9c812e95b2ff66bd7033f8.md)
Wednesday.png,Wednesday,"February 28, 2024",No,No,No,No,No,No,0,July 2023 (July%202023%2012e9f03e8f9c812e95b2ff66bd7033f8.md)
Sunday.png,Sunday,"May 26, 2024",No,No,No,No,No,No,0,July 2023 (July%202023%2012e9f03e8f9c812e95b2ff66bd7033f8.md)
Wednesday.png,Wednesday,"March 13, 2024",No,No,No,No,No,No,0,July 2023 (July%202023%2012e9f03e8f9c812e95b2ff66bd7033f8.md)
Saturday.png,Saturday,"March 2, 2024",No,No,No,No,No,No,0,July 2023 (July%202023%2012e9f03e8f9c812e95b2ff66bd7033f8.md)
Thursday.png,Thursday,"August 17, 2023",No,No,No,No,No,No,0,July 2023 (July%202023%2012e9f03e8f9c812e95b2ff66bd7033f8.md)
Friday.png,Friday,"September 29, 2023",No,No,No,No,No,No,0,July 2023 (July%202023%2012e9f03e8f9c812e95b2ff66bd7033f8.md)
Thursday.png,Thursday,"October 19, 2023",No,No,No,No,No,No,0,July 2023 (July%202023%2012e9f03e8f9c812e95b2ff66bd7033f8.md)
Friday.png,Friday,"July 5, 2024",No,No,No,No,No,No,0,July 2023 (July%202023%2012e9f03e8f9c812e95b2ff66bd7033f8.md)
Friday.png,Friday,"April 5, 2024",No,No,No,No,No,No,0,July 2023 (July%202023%2012e9f03e8f9c812e95b2ff66bd7033f8.md)
Friday.png,Friday,"May 24, 2024",No,No,No,No,No,No,0,July 2023 (July%202023%2012e9f03e8f9c812e95b2ff66bd7033f8.md)
Wednesday.png,Wednesday,"August 30, 2023",No,No,No,No,No,No,0,July 2023 (July%202023%2012e9f03e8f9c812e95b2ff66bd7033f8.md)
Monday.png,Monday,"June 26, 2023",Yes,Yes,Yes,Yes,Yes,Yes,1,June 2023 (June%202023%2012e9f03e8f9c810399b1d1e474193ee6.md)
Tuesday.png,Tuesday,"December 12, 2023",No,No,No,No,No,No,0,July 2023 (July%202023%2012e9f03e8f9c812e95b2ff66bd7033f8.md)
Thursday.png,Thursday,"June 8, 2023",No,Yes,Yes,Yes,Yes,Yes,0.84,June 2023 (June%202023%2012e9f03e8f9c810399b1d1e474193ee6.md)
Sunday.png,Sunday,"March 10, 2024",No,No,No,No,No,No,0,July 2023 (July%202023%2012e9f03e8f9c812e95b2ff66bd7033f8.md)
Wednesday.png,Wednesday,"January 31, 2024",No,No,No,No,No,No,0,July 2023 (July%202023%2012e9f03e8f9c812e95b2ff66bd7033f8.md)
Thursday.png,Thursday,"September 21, 2023",No,No,No,No,No,No,0,July 2023 (July%202023%2012e9f03e8f9c812e95b2ff66bd7033f8.md)
Thursday.png,Thursday,"September 12, 2024",No,No,No,No,No,No,0,July 2023 (July%202023%2012e9f03e8f9c812e95b2ff66bd7033f8.md)
Tuesday.png,Tuesday,"April 2, 2024",No,No,No,No,No,No,0,July 2023 (July%202023%2012e9f03e8f9c812e95b2ff66bd7033f8.md)
Wednesday.png,Wednesday,"February 14, 2024",No,No,No,No,No,No,0,July 2023 (July%202023%2012e9f03e8f9c812e95b2ff66bd7033f8.md)
Thursday.png,Thursday,"June 13, 2024",No,No,No,No,No,No,0,July 2023 (July%202023%2012e9f03e8f9c812e95b2ff66bd7033f8.md)
Thursday.png,Thursday,"January 4, 2024",No,No,No,No,No,No,0,July 2023 (July%202023%2012e9f03e8f9c812e95b2ff66bd7033f8.md)
Thursday.png,Thursday,"March 14, 2024",No,No,No,No,No,No,0,July 2023 (July%202023%2012e9f03e8f9c812e95b2ff66bd7033f8.md)
Wednesday.png,Wednesday,"December 27, 2023",No,No,No,No,No,No,0,July 2023 (July%202023%2012e9f03e8f9c812e95b2ff66bd7033f8.md)
Friday.png,Friday,"August 4, 2023",No,No,No,No,No,No,0,July 2023 (July%202023%2012e9f03e8f9c812e95b2ff66bd7033f8.md)
Friday.png,Friday,"May 17, 2024",No,No,No,No,No,No,0,July 2023 (July%202023%2012e9f03e8f9c812e95b2ff66bd7033f8.md)
Friday.png,Friday,"June 7, 2024",No,No,No,No,No,No,0,July 2023 (July%202023%2012e9f03e8f9c812e95b2ff66bd7033f8.md)
Sunday.png,Sunday,"August 13, 2023",No,No,No,No,No,No,0,July 2023 (July%202023%2012e9f03e8f9c812e95b2ff66bd7033f8.md)
Sunday.png,Sunday,"December 24, 2023",No,No,No,No,No,No,0,July 2023 (July%202023%2012e9f03e8f9c812e95b2ff66bd7033f8.md)
Monday.png,Monday,"December 25, 2023",No,No,No,No,No,No,0,July 2023 (July%202023%2012e9f03e8f9c812e95b2ff66bd7033f8.md)
Saturday.png,Saturday,"April 20, 2024",No,No,No,No,No,No,0,July 2023 (July%202023%2012e9f03e8f9c812e95b2ff66bd7033f8.md)
Wednesday.png,Wednesday,"May 8, 2024",No,No,No,No,No,No,0,July 2023 (July%202023%2012e9f03e8f9c812e95b2ff66bd7033f8.md)
Monday.png,Monday,"August 19, 2024",No,No,No,No,No,No,0,July 2023 (July%202023%2012e9f03e8f9c812e95b2ff66bd7033f8.md)
Saturday.png,Saturday,"May 11, 2024",No,No,No,No,No,No,0,July 2023 (July%202023%2012e9f03e8f9c812e95b2ff66bd7033f8.md)
Friday.png,Friday,"May 3, 2024",No,No,No,No,No,No,0,July 2023 (July%202023%2012e9f03e8f9c812e95b2ff66bd7033f8.md)
Sunday.png,Sunday,"December 3, 2023",No,No,No,No,No,No,0,July 2023 (July%202023%2012e9f03e8f9c812e95b2ff66bd7033f8.md)
Friday.png,Friday,"July 14, 2023",Yes,Yes,Yes,Yes,Yes,Yes,1,July 2023 (July%202023%2012e9f03e8f9c812e95b2ff66bd7033f8.md)
Tuesday.png,Tuesday,"August 6, 2024",No,No,No,No,No,No,0,July 2023 (July%202023%2012e9f03e8f9c812e95b2ff66bd7033f8.md)
Sunday.png,Sunday,"March 3, 2024",No,No,No,No,No,No,0,July 2023 (July%202023%2012e9f03e8f9c812e95b2ff66bd7033f8.md)
Friday.png,Friday,"August 16, 2024",No,No,No,No,No,No,0,July 2023 (July%202023%2012e9f03e8f9c812e95b2ff66bd7033f8.md)
Sunday.png,Sunday,"September 1, 2024",No,No,No,No,No,No,0,July 2023 (July%202023%2012e9f03e8f9c812e95b2ff66bd7033f8.md)
Tuesday.png,Tuesday,"June 6, 2023",Yes,Yes,Yes,Yes,Yes,Yes,1,June 2023 (June%202023%2012e9f03e8f9c810399b1d1e474193ee6.md)
Monday.png,Monday,"March 18, 2024",No,No,No,No,No,No,0,July 2023 (July%202023%2012e9f03e8f9c812e95b2ff66bd7033f8.md)
Tuesday.png,Tuesday,"August 15, 2023",No,No,No,No,No,No,0,July 2023 (July%202023%2012e9f03e8f9c812e95b2ff66bd7033f8.md)
Tuesday.png,Tuesday,"June 27, 2023",Yes,Yes,Yes,Yes,Yes,Yes,1,June 2023 (June%202023%2012e9f03e8f9c810399b1d1e474193ee6.md)
Tuesday.png,Tuesday,"May 7, 2024",No,No,No,No,No,No,0,July 2023 (July%202023%2012e9f03e8f9c812e95b2ff66bd7033f8.md)
Tuesday.png,Tuesday,"August 29, 2023",No,No,No,No,No,No,0,July 2023 (July%202023%2012e9f03e8f9c812e95b2ff66bd7033f8.md)
Saturday.png,Saturday,"July 29, 2023",No,No,No,No,No,No,0,July 2023 (July%202023%2012e9f03e8f9c812e95b2ff66bd7033f8.md)
Friday.png,Friday,"June 28, 2024",No,No,No,No,No,No,0,July 2023 (July%202023%2012e9f03e8f9c812e95b2ff66bd7033f8.md)
Monday.png,Monday,"April 22, 2024",No,No,No,No,No,No,0,July 2023 (July%202023%2012e9f03e8f9c812e95b2ff66bd7033f8.md)
Thursday.png,Thursday,"June 27, 2024",No,No,No,No,No,No,0,July 2023 (July%202023%2012e9f03e8f9c812e95b2ff66bd7033f8.md)
Wednesday.png,Wednesday,"June 14, 2023",Yes,Yes,Yes,Yes,Yes,Yes,1,June 2023 (June%202023%2012e9f03e8f9c810399b1d1e474193ee6.md)
Wednesday.png,Wednesday,"July 10, 2024",No,No,No,No,No,No,0,July 2023 (July%202023%2012e9f03e8f9c812e95b2ff66bd7033f8.md)
Saturday.png,Saturday,"January 20, 2024",No,No,No,No,No,No,0,July 2023 (July%202023%2012e9f03e8f9c812e95b2ff66bd7033f8.md)
Thursday.png,Thursday,"August 10, 2023",No,No,No,No,No,No,0,July 2023 (July%202023%2012e9f03e8f9c812e95b2ff66bd7033f8.md)
Thursday.png,Thursday,"August 15, 2024",No,No,No,No,No,No,0,July 2023 (July%202023%2012e9f03e8f9c812e95b2ff66bd7033f8.md)
Sunday.png,Sunday,"July 21, 2024",No,No,No,No,No,No,0,July 2023 (July%202023%2012e9f03e8f9c812e95b2ff66bd7033f8.md)
Sunday.png,Sunday,"June 30, 2024",No,No,No,No,No,No,0,July 2023 (July%202023%2012e9f03e8f9c812e95b2ff66bd7033f8.md)
Sunday.png,Sunday,"October 22, 2023",No,No,No,No,No,No,0,July 2023 (July%202023%2012e9f03e8f9c812e95b2ff66bd7033f8.md)
Wednesday.png,Wednesday,"August 16, 2023",No,No,No,No,No,No,0,July 2023 (July%202023%2012e9f03e8f9c812e95b2ff66bd7033f8.md)
Monday.png,Monday,"September 18, 2023",No,No,No,No,No,No,0,July 2023 (July%202023%2012e9f03e8f9c812e95b2ff66bd7033f8.md)
Wednesday.png,Wednesday,"August 14, 2024",No,No,No,No,No,No,0,July 2023 (July%202023%2012e9f03e8f9c812e95b2ff66bd7033f8.md)
Friday.png,Friday,"September 13, 2024",No,No,No,No,No,No,0,July 2023 (July%202023%2012e9f03e8f9c812e95b2ff66bd7033f8.md)
Monday.png,Monday,"July 15, 2024",No,No,No,No,No,No,0,July 2023 (July%202023%2012e9f03e8f9c812e95b2ff66bd7033f8.md)
Sunday.png,Sunday,"March 31, 2024",No,No,No,No,No,No,0,July 2023 (July%202023%2012e9f03e8f9c812e95b2ff66bd7033f8.md)
Wednesday.png,Wednesday,"July 19, 2023",No,No,No,No,No,No,0,July 2023 (July%202023%2012e9f03e8f9c812e95b2ff66bd7033f8.md)
Tuesday.png,Tuesday,"September 3, 2024",No,No,No,No,No,No,0,July 2023 (July%202023%2012e9f03e8f9c812e95b2ff66bd7033f8.md)
Monday.png,Monday,"January 15, 2024",No,No,No,No,No,No,0,July 2023 (July%202023%2012e9f03e8f9c812e95b2ff66bd7033f8.md)
Tuesday.png,Tuesday,"September 12, 2023",No,No,No,No,No,No,0,July 2023 (July%202023%2012e9f03e8f9c812e95b2ff66bd7033f8.md)
Monday.png,Monday,"December 11, 2023",No,No,No,No,No,No,0,July 2023 (July%202023%2012e9f03e8f9c812e95b2ff66bd7033f8.md)
Sunday.png,Sunday,"April 7, 2024",No,No,No,No,No,No,0,July 2023 (July%202023%2012e9f03e8f9c812e95b2ff66bd7033f8.md)
Tuesday.png,Tuesday,"September 19, 2023",No,No,No,No,No,No,0,July 2023 (July%202023%2012e9f03e8f9c812e95b2ff66bd7033f8.md)
Monday.png,Monday,"June 3, 2024",No,No,No,No,No,No,0,July 2023 (July%202023%2012e9f03e8f9c812e95b2ff66bd7033f8.md)
Tuesday.png,Tuesday,"December 5, 2023",No,No,No,No,No,No,0,July 2023 (July%202023%2012e9f03e8f9c812e95b2ff66bd7033f8.md)
Monday.png,Monday,"November 27, 2023",No,No,No,No,No,No,0,July 2023 (July%202023%2012e9f03e8f9c812e95b2ff66bd7033f8.md)
Monday.png,Monday,"March 25, 2024",No,No,No,No,No,No,0,July 2023 (July%202023%2012e9f03e8f9c812e95b2ff66bd7033f8.md)
Monday.png,Monday,"May 13, 2024",No,No,No,No,No,No,0,July 2023 (July%202023%2012e9f03e8f9c812e95b2ff66bd7033f8.md)
Friday.png,Friday,"December 1, 2023",No,No,No,No,No,No,0,July 2023 (July%202023%2012e9f03e8f9c812e95b2ff66bd7033f8.md)
Saturday.png,Saturday,"December 2, 2023",No,No,No,No,No,No,0,July 2023 (July%202023%2012e9f03e8f9c812e95b2ff66bd7033f8.md)
Sunday.png,Sunday,"March 17, 2024",No,No,No,No,No,No,0,July 2023 (July%202023%2012e9f03e8f9c812e95b2ff66bd7033f8.md)
Tuesday.png,Tuesday,"February 6, 2024",No,No,No,No,No,No,0,July 2023 (July%202023%2012e9f03e8f9c812e95b2ff66bd7033f8.md)
Monday.png,Monday,"October 16, 2023",No,No,No,No,No,No,0,July 2023 (July%202023%2012e9f03e8f9c812e95b2ff66bd7033f8.md)
Sunday.png,Sunday,"January 21, 2024",No,No,No,No,No,No,0,July 2023 (July%202023%2012e9f03e8f9c812e95b2ff66bd7033f8.md)
Wednesday.png,Wednesday,"November 22, 2023",No,No,No,No,No,No,0,July 2023 (July%202023%2012e9f03e8f9c812e95b2ff66bd7033f8.md)
Sunday.png,Sunday,"December 17, 2023",No,No,No,No,No,No,0,July 2023 (July%202023%2012e9f03e8f9c812e95b2ff66bd7033f8.md)
Friday.png,Friday,"February 23, 2024",No,No,No,No,No,No,0,July 2023 (July%202023%2012e9f03e8f9c812e95b2ff66bd7033f8.md)
Wednesday.png,Wednesday,"October 11, 2023",No,No,No,No,No,No,0,July 2023 (July%202023%2012e9f03e8f9c812e95b2ff66bd7033f8.md)
Tuesday.png,Tuesday,"November 7, 2023",No,No,No,No,No,No,0,July 2023 (July%202023%2012e9f03e8f9c812e95b2ff66bd7033f8.md)
Wednesday.png,Wednesday,"March 27, 2024",No,No,No,No,No,No,0,July 2023 (July%202023%2012e9f03e8f9c812e95b2ff66bd7033f8.md)
Wednesday.png,Wednesday,"February 7, 2024",No,No,No,No,No,No,0,July 2023 (July%202023%2012e9f03e8f9c812e95b2ff66bd7033f8.md)
Friday.png,Friday,"July 12, 2024",No,No,No,No,No,No,0,July 2023 (July%202023%2012e9f03e8f9c812e95b2ff66bd7033f8.md)
Wednesday.png,Wednesday,"October 18, 2023",No,No,No,No,No,No,0,July 2023 (July%202023%2012e9f03e8f9c812e95b2ff66bd7033f8.md)
Tuesday.png,Tuesday,"December 19, 2023",No,No,No,No,No,No,0,July 2023 (July%202023%2012e9f03e8f9c812e95b2ff66bd7033f8.md)
Friday.png,Friday,"August 25, 2023",No,No,No,No,No,No,0,July 2023 (July%202023%2012e9f03e8f9c812e95b2ff66bd7033f8.md)
Thursday.png,Thursday,"February 15, 2024",No,No,No,No,No,No,0,July 2023 (July%202023%2012e9f03e8f9c812e95b2ff66bd7033f8.md)
Monday.png,Monday,"August 26, 2024",No,No,No,No,No,No,0,July 2023 (July%202023%2012e9f03e8f9c812e95b2ff66bd7033f8.md)
Wednesday.png,Wednesday,"September 13, 2023",No,No,No,No,No,No,0,July 2023 (July%202023%2012e9f03e8f9c812e95b2ff66bd7033f8.md)
Wednesday.png,Wednesday,"May 22, 2024",No,No,No,No,No,No,0,July 2023 (July%202023%2012e9f03e8f9c812e95b2ff66bd7033f8.md)
Sunday.png,Sunday,"June 16, 2024",No,No,No,No,No,No,0,July 2023 (July%202023%2012e9f03e8f9c812e95b2ff66bd7033f8.md)
Monday.png,Monday,"October 23, 2023",No,No,No,No,No,No,0,July 2023 (July%202023%2012e9f03e8f9c812e95b2ff66bd7033f8.md)
Wednesday.png,Wednesday,"September 18, 2024",No,No,No,No,No,No,0,July 2023 (July%202023%2012e9f03e8f9c812e95b2ff66bd7033f8.md)
Tuesday.png,Tuesday,"October 31, 2023",No,No,No,No,No,No,0,July 2023 (July%202023%2012e9f03e8f9c812e95b2ff66bd7033f8.md)
Sunday.png,Sunday,"August 18, 2024",No,No,No,No,No,No,0,July 2023 (July%202023%2012e9f03e8f9c812e95b2ff66bd7033f8.md)
Tuesday.png,Tuesday,"July 18, 2023",No,No,No,No,No,No,0,July 2023 (July%202023%2012e9f03e8f9c812e95b2ff66bd7033f8.md)
Monday.png,Monday,"September 11, 2023",No,No,No,No,No,No,0,July 2023 (July%202023%2012e9f03e8f9c812e95b2ff66bd7033f8.md)
Saturday.png,Saturday,"September 2, 2023",No,No,No,No,No,No,0,July 2023 (July%202023%2012e9f03e8f9c812e95b2ff66bd7033f8.md)
Thursday.png,Thursday,"December 21, 2023",No,No,No,No,No,No,0,July 2023 (July%202023%2012e9f03e8f9c812e95b2ff66bd7033f8.md)
Friday.png,Friday,"June 21, 2024",No,No,No,No,No,No,0,July 2023 (July%202023%2012e9f03e8f9c812e95b2ff66bd7033f8.md)
Saturday.png,Saturday,"February 3, 2024",No,No,No,No,No,No,0,July 2023 (July%202023%2012e9f03e8f9c812e95b2ff66bd7033f8.md)
Monday.png,Monday,"August 28, 2023",No,No,No,No,No,No,0,July 2023 (July%202023%2012e9f03e8f9c812e95b2ff66bd7033f8.md)
Tuesday.png,Tuesday,"July 11, 2023",Yes,Yes,Yes,Yes,Yes,Yes,1,July 2023 (July%202023%2012e9f03e8f9c812e95b2ff66bd7033f8.md)
Saturday.png,Saturday,"July 6, 2024",No,No,No,No,No,No,0,July 2023 (July%202023%2012e9f03e8f9c812e95b2ff66bd7033f8.md)
Saturday.png,Saturday,"November 11, 2023",No,No,No,No,No,No,0,July 2023 (July%202023%2012e9f03e8f9c812e95b2ff66bd7033f8.md)
Thursday.png,Thursday,"January 25, 2024",No,No,No,No,No,No,0,July 2023 (July%202023%2012e9f03e8f9c812e95b2ff66bd7033f8.md)
Sunday.png,Sunday,"June 4, 2023",Yes,Yes,Yes,Yes,Yes,Yes,1,June 2023 (June%202023%2012e9f03e8f9c810399b1d1e474193ee6.md)
Tuesday.png,Tuesday,"March 19, 2024",No,No,No,No,No,No,0,July 2023 (July%202023%2012e9f03e8f9c812e95b2ff66bd7033f8.md)
Saturday.png,Saturday,"March 16, 2024",No,No,No,No,No,No,0,July 2023 (July%202023%2012e9f03e8f9c812e95b2ff66bd7033f8.md)
Wednesday.png,Wednesday,"June 28, 2023",Yes,Yes,Yes,Yes,Yes,Yes,1,June 2023 (June%202023%2012e9f03e8f9c810399b1d1e474193ee6.md)
Sunday.png,Sunday,"September 10, 2023",No,No,No,No,No,No,0,July 2023 (July%202023%2012e9f03e8f9c812e95b2ff66bd7033f8.md)
Wednesday.png,Wednesday,"January 17, 2024",No,No,No,No,No,No,0,July 2023 (July%202023%2012e9f03e8f9c812e95b2ff66bd7033f8.md)
Saturday.png,Saturday,"September 30, 2023",No,No,No,No,No,No,0,July 2023 (July%202023%2012e9f03e8f9c812e95b2ff66bd7033f8.md)
Thursday.png,Thursday,"June 20, 2024",No,No,No,No,No,No,0,July 2023 (July%202023%2012e9f03e8f9c812e95b2ff66bd7033f8.md)
Wednesday.png,Wednesday,"November 8, 2023",No,No,No,No,No,No,0,July 2023 (July%202023%2012e9f03e8f9c812e95b2ff66bd7033f8.md)
Saturday.png,Saturday,"August 3, 2024",No,No,No,No,No,No,0,July 2023 (July%202023%2012e9f03e8f9c812e95b2ff66bd7033f8.md)
Sunday.png,Sunday,"November 5, 2023",No,No,No,No,No,No,0,July 2023 (July%202023%2012e9f03e8f9c812e95b2ff66bd7033f8.md)
Saturday.png,Saturday,"November 4, 2023",No,No,No,No,No,No,0,July 2023 (July%202023%2012e9f03e8f9c812e95b2ff66bd7033f8.md)
Thursday.png,Thursday,"June 1, 2023",Yes,Yes,Yes,Yes,Yes,Yes,1,June 2023 (June%202023%2012e9f03e8f9c810399b1d1e474193ee6.md)
Tuesday.png,Tuesday,"April 23, 2024",No,No,No,No,No,No,0,July 2023 (July%202023%2012e9f03e8f9c812e95b2ff66bd7033f8.md)
Saturday.png,Saturday,"June 24, 2023",Yes,Yes,Yes,Yes,Yes,Yes,1,June 2023 (June%202023%2012e9f03e8f9c810399b1d1e474193ee6.md)
Monday.png,Monday,"August 14, 2023",No,No,No,No,No,No,0,July 2023 (July%202023%2012e9f03e8f9c812e95b2ff66bd7033f8.md)
Sunday.png,Sunday,"November 26, 2023",No,No,No,No,No,No,0,July 2023 (July%202023%2012e9f03e8f9c812e95b2ff66bd7033f8.md)
Tuesday.png,Tuesday,"December 26, 2023",No,No,No,No,No,No,0,July 2023 (July%202023%2012e9f03e8f9c812e95b2ff66bd7033f8.md)
Sunday.png,Sunday,"January 28, 2024",No,No,No,No,No,No,0,July 2023 (July%202023%2012e9f03e8f9c812e95b2ff66bd7033f8.md)
Thursday.png,Thursday,"December 7, 2023",No,No,No,No,No,No,0,July 2023 (July%202023%2012e9f03e8f9c812e95b2ff66bd7033f8.md)
Wednesday.png,Wednesday,"July 12, 2023",Yes,Yes,Yes,Yes,Yes,Yes,1,July 2023 (July%202023%2012e9f03e8f9c812e95b2ff66bd7033f8.md)
Tuesday.png,Tuesday,"November 28, 2023",No,No,No,No,No,No,0,July 2023 (July%202023%2012e9f03e8f9c812e95b2ff66bd7033f8.md)
Monday.png,Monday,"April 29, 2024",No,No,No,No,No,No,0,July 2023 (July%202023%2012e9f03e8f9c812e95b2ff66bd7033f8.md)
Tuesday.png,Tuesday,"January 23, 2024",No,No,No,No,No,No,0,July 2023 (July%202023%2012e9f03e8f9c812e95b2ff66bd7033f8.md)
Sunday.png,Sunday,"August 4, 2024",No,No,No,No,No,No,0,July 2023 (July%202023%2012e9f03e8f9c812e95b2ff66bd7033f8.md)
Friday.png,Friday,"January 5, 2024",No,No,No,No,No,No,0,July 2023 (July%202023%2012e9f03e8f9c812e95b2ff66bd7033f8.md)
Friday.png,Friday,"June 2, 2023",Yes,Yes,Yes,Yes,Yes,Yes,1,June 2023 (June%202023%2012e9f03e8f9c810399b1d1e474193ee6.md)
Tuesday.png,Tuesday,"January 2, 2024",No,No,No,No,No,No,0,July 2023 (July%202023%2012e9f03e8f9c812e95b2ff66bd7033f8.md)
Saturday.png,Saturday,"August 5, 2023",No,No,No,No,No,No,0,July 2023 (July%202023%2012e9f03e8f9c812e95b2ff66bd7033f8.md)
Friday.png,Friday,"September 1, 2023",No,No,No,No,No,No,0,July 2023 (July%202023%2012e9f03e8f9c812e95b2ff66bd7033f8.md)
Monday.png,Monday,"January 22, 2024",No,No,No,No,No,No,0,July 2023 (July%202023%2012e9f03e8f9c812e95b2ff66bd7033f8.md)
Wednesday.png,Wednesday,"April 17, 2024",No,No,No,No,No,No,0,July 2023 (July%202023%2012e9f03e8f9c812e95b2ff66bd7033f8.md)
Friday.png,Friday,"April 19, 2024",No,No,No,No,No,No,0,July 2023 (July%202023%2012e9f03e8f9c812e95b2ff66bd7033f8.md)
Thursday.png,Thursday,"May 9, 2024",No,No,No,No,No,No,0,July 2023 (July%202023%2012e9f03e8f9c812e95b2ff66bd7033f8.md)
Monday.png,Monday,"April 8, 2024",No,No,No,No,No,No,0,July 2023 (July%202023%2012e9f03e8f9c812e95b2ff66bd7033f8.md)
Saturday.png,Saturday,"August 17, 2024",No,No,No,No,No,No,0,July 2023 (July%202023%2012e9f03e8f9c812e95b2ff66bd7033f8.md)
Friday.png,Friday,"January 19, 2024",No,No,No,No,No,No,0,July 2023 (July%202023%2012e9f03e8f9c812e95b2ff66bd7033f8.md)
Friday.png,Friday,"November 10, 2023",No,No,No,No,No,No,0,July 2023 (July%202023%2012e9f03e8f9c812e95b2ff66bd7033f8.md)
Monday.png,Monday,"November 6, 2023",No,No,No,No,No,No,0,July 2023 (July%202023%2012e9f03e8f9c812e95b2ff66bd7033f8.md)
Tuesday.png,Tuesday,"June 20, 2023",No,Yes,Yes,Yes,Yes,Yes,0.84,June 2023 (June%202023%2012e9f03e8f9c810399b1d1e474193ee6.md)
Saturday.png,Saturday,"June 29, 2024",No,No,No,No,No,No,0,July 2023 (July%202023%2012e9f03e8f9c812e95b2ff66bd7033f8.md)
Friday.png,Friday,"August 9, 2024",No,No,No,No,No,No,0,July 2023 (July%202023%2012e9f03e8f9c812e95b2ff66bd7033f8.md)
Tuesday.png,Tuesday,"April 30, 2024",No,No,No,No,No,No,0,July 2023 (July%202023%2012e9f03e8f9c812e95b2ff66bd7033f8.md)
Saturday.png,Saturday,"October 7, 2023",No,No,No,No,No,No,0,July 2023 (July%202023%2012e9f03e8f9c812e95b2ff66bd7033f8.md)
Sunday.png,Sunday,"August 25, 2024",No,No,No,No,No,No,0,July 2023 (July%202023%2012e9f03e8f9c812e95b2ff66bd7033f8.md)
Saturday.png,Saturday,"May 25, 2024",No,No,No,No,No,No,0,July 2023 (July%202023%2012e9f03e8f9c812e95b2ff66bd7033f8.md)
Thursday.png,Thursday,"January 11, 2024",No,No,No,No,No,No,0,July 2023 (July%202023%2012e9f03e8f9c812e95b2ff66bd7033f8.md)
Thursday.png,Thursday,"February 1, 2024",No,No,No,No,No,No,0,July 2023 (July%202023%2012e9f03e8f9c812e95b2ff66bd7033f8.md)
Friday.png,Friday,"April 12, 2024",No,No,No,No,No,No,0,July 2023 (July%202023%2012e9f03e8f9c812e95b2ff66bd7033f8.md)
Wednesday.png,Wednesday,"August 2, 2023",No,No,No,No,No,No,0,July 2023 (July%202023%2012e9f03e8f9c812e95b2ff66bd7033f8.md)
Thursday.png,Thursday,"August 3, 2023",No,No,No,No,No,No,0,July 2023 (July%202023%2012e9f03e8f9c812e95b2ff66bd7033f8.md)
Thursday.png,Thursday,"July 27, 2023",No,No,No,No,No,No,0,July 2023 (July%202023%2012e9f03e8f9c812e95b2ff66bd7033f8.md)
Saturday.png,Saturday,"June 17, 2023",Yes,Yes,Yes,Yes,Yes,Yes,1,June 2023 (June%202023%2012e9f03e8f9c810399b1d1e474193ee6.md)
Friday.png,Friday,"February 2, 2024",No,No,No,No,No,No,0,July 2023 (July%202023%2012e9f03e8f9c812e95b2ff66bd7033f8.md)
Monday.png,Monday,"July 29, 2024",No,No,No,No,No,No,0,July 2023 (July%202023%2012e9f03e8f9c812e95b2ff66bd7033f8.md)
Wednesday.png,Wednesday,"March 6, 2024",No,No,No,No,No,No,0,July 2023 (July%202023%2012e9f03e8f9c812e95b2ff66bd7033f8.md)
Sunday.png,Sunday,"May 12, 2024",No,No,No,No,No,No,0,July 2023 (July%202023%2012e9f03e8f9c812e95b2ff66bd7033f8.md)
Tuesday.png,Tuesday,"March 5, 2024",No,No,No,No,No,No,0,July 2023 (July%202023%2012e9f03e8f9c812e95b2ff66bd7033f8.md)
Saturday.png,Saturday,"June 1, 2024",No,No,No,No,No,No,0,July 2023 (July%202023%2012e9f03e8f9c812e95b2ff66bd7033f8.md)
Saturday.png,Saturday,"June 8, 2024",No,No,No,No,No,No,0,July 2023 (July%202023%2012e9f03e8f9c812e95b2ff66bd7033f8.md)
Thursday.png,Thursday,"April 4, 2024",No,No,No,No,No,No,0,July 2023 (July%202023%2012e9f03e8f9c812e95b2ff66bd7033f8.md)
Saturday.png,Saturday,"June 15, 2024",No,No,No,No,No,No,0,July 2023 (July%202023%2012e9f03e8f9c812e95b2ff66bd7033f8.md)
Wednesday.png,Wednesday,"July 17, 2024",No,No,No,No,No,No,0,July 2023 (July%202023%2012e9f03e8f9c812e95b2ff66bd7033f8.md)
Sunday.png,Sunday,"April 21, 2024",No,No,No,No,No,No,0,July 2023 (July%202023%2012e9f03e8f9c812e95b2ff66bd7033f8.md)
Wednesday.png,Wednesday,"January 3, 2024",No,No,No,No,No,No,0,July 2023 (July%202023%2012e9f03e8f9c812e95b2ff66bd7033f8.md)
Saturday.png,Saturday,"June 22, 2024",No,No,No,No,No,No,0,July 2023 (July%202023%2012e9f03e8f9c812e95b2ff66bd7033f8.md)
Saturday.png,Saturday,"November 25, 2023",No,No,No,No,No,No,0,July 2023 (July%202023%2012e9f03e8f9c812e95b2ff66bd7033f8.md)
Tuesday.png,Tuesday,"August 27, 2024",No,No,No,No,No,No,0,July 2023 (July%202023%2012e9f03e8f9c812e95b2ff66bd7033f8.md)
Tuesday.png,Tuesday,"February 13, 2024",No,No,No,No,No,No,0,July 2023 (July%202023%2012e9f03e8f9c812e95b2ff66bd7033f8.md)
Sunday.png,Sunday,"August 20, 2023",No,No,No,No,No,No,0,July 2023 (July%202023%2012e9f03e8f9c812e95b2ff66bd7033f8.md)
Monday.png,Monday,"April 1, 2024",No,No,No,No,No,No,0,July 2023 (July%202023%2012e9f03e8f9c812e95b2ff66bd7033f8.md)
Friday.png,Friday,"May 31, 2024",No,No,No,No,No,No,0,July 2023 (July%202023%2012e9f03e8f9c812e95b2ff66bd7033f8.md)
Thursday.png,Thursday,"November 23, 2023",No,No,No,No,No,No,0,July 2023 (July%202023%2012e9f03e8f9c812e95b2ff66bd7033f8.md)
Monday.png,Monday,"September 9, 2024",No,No,No,No,No,No,0,July 2023 (July%202023%2012e9f03e8f9c812e95b2ff66bd7033f8.md)
Saturday.png,Saturday,"May 4, 2024",No,No,No,No,No,No,0,July 2023 (July%202023%2012e9f03e8f9c812e95b2ff66bd7033f8.md)
Thursday.png,Thursday,"October 12, 2023",No,No,No,No,No,No,0,July 2023 (July%202023%2012e9f03e8f9c812e95b2ff66bd7033f8.md)
Tuesday.png,Tuesday,"June 18, 2024",No,No,No,No,No,No,0,July 2023 (July%202023%2012e9f03e8f9c812e95b2ff66bd7033f8.md)
Sunday.png,Sunday,"April 28, 2024",No,No,No,No,No,No,0,July 2023 (July%202023%2012e9f03e8f9c812e95b2ff66bd7033f8.md)
Tuesday.png,Tuesday,"July 25, 2023",No,No,No,No,No,No,0,July 2023 (July%202023%2012e9f03e8f9c812e95b2ff66bd7033f8.md)
Friday.png,Friday,"December 8, 2023",No,No,No,No,No,No,0,July 2023 (July%202023%2012e9f03e8f9c812e95b2ff66bd7033f8.md)
Monday.png,Monday,"May 20, 2024",No,No,No,No,No,No,0,July 2023 (July%202023%2012e9f03e8f9c812e95b2ff66bd7033f8.md)
Friday.png,Friday,"December 29, 2023",No,No,No,No,No,No,0,July 2023 (July%202023%2012e9f03e8f9c812e95b2ff66bd7033f8.md)
Monday.png,Monday,"October 30, 2023",No,No,No,No,No,No,0,July 2023 (July%202023%2012e9f03e8f9c812e95b2ff66bd7033f8.md)
Friday.png,Friday,"December 15, 2023",No,No,No,No,No,No,0,July 2023 (July%202023%2012e9f03e8f9c812e95b2ff66bd7033f8.md)
Wednesday.png,Wednesday,"June 5, 2024",No,No,No,No,No,No,0,July 2023 (July%202023%2012e9f03e8f9c812e95b2ff66bd7033f8.md)
Sunday.png,Sunday,"January 14, 2024",No,No,No,No,No,No,0,July 2023 (July%202023%2012e9f03e8f9c812e95b2ff66bd7033f8.md)
Tuesday.png,Tuesday,"April 9, 2024",No,No,No,No,No,No,0,July 2023 (July%202023%2012e9f03e8f9c812e95b2ff66bd7033f8.md)
Wednesday.png,Wednesday,"July 3, 2024",No,No,No,No,No,No,0,July 2023 (July%202023%2012e9f03e8f9c812e95b2ff66bd7033f8.md)
Thursday.png,Thursday,"February 29, 2024",No,No,No,No,No,No,0,July 2023 (July%202023%2012e9f03e8f9c812e95b2ff66bd7033f8.md)
Thursday.png,Thursday,"May 23, 2024",No,No,No,No,No,No,0,July 2023 (July%202023%2012e9f03e8f9c812e95b2ff66bd7033f8.md)
Tuesday.png,Tuesday,"May 28, 2024",No,No,No,No,No,No,0,July 2023 (July%202023%2012e9f03e8f9c812e95b2ff66bd7033f8.md)
Wednesday.png,Wednesday,"December 20, 2023",No,No,No,No,No,No,0,July 2023 (July%202023%2012e9f03e8f9c812e95b2ff66bd7033f8.md)
Saturday.png,Saturday,"October 14, 2023",No,No,No,No,No,No,0,July 2023 (July%202023%2012e9f03e8f9c812e95b2ff66bd7033f8.md)
Tuesday.png,Tuesday,"October 17, 2023",No,No,No,No,No,No,0,July 2023 (July%202023%2012e9f03e8f9c812e95b2ff66bd7033f8.md)
Monday.png,Monday,"June 17, 2024",No,No,No,No,No,No,0,July 2023 (July%202023%2012e9f03e8f9c812e95b2ff66bd7033f8.md)
Tuesday.png,Tuesday,"August 8, 2023",No,No,No,No,No,No,0,July 2023 (July%202023%2012e9f03e8f9c812e95b2ff66bd7033f8.md)
Thursday.png,Thursday,"March 7, 2024",No,No,No,No,No,No,0,July 2023 (July%202023%2012e9f03e8f9c812e95b2ff66bd7033f8.md)
Tuesday.png,Tuesday,"July 30, 2024",No,No,No,No,No,No,0,July 2023 (July%202023%2012e9f03e8f9c812e95b2ff66bd7033f8.md)
Sunday.png,Sunday,"November 12, 2023",No,No,No,No,No,No,0,July 2023 (July%202023%2012e9f03e8f9c812e95b2ff66bd7033f8.md)
Monday.png,Monday,"June 5, 2023",Yes,Yes,Yes,Yes,Yes,Yes,1,June 2023 (June%202023%2012e9f03e8f9c810399b1d1e474193ee6.md)
Sunday.png,Sunday,"September 8, 2024",No,No,No,No,No,No,0,July 2023 (July%202023%2012e9f03e8f9c812e95b2ff66bd7033f8.md)
Saturday.png,Saturday,"December 9, 2023",No,No,No,No,No,No,0,July 2023 (July%202023%2012e9f03e8f9c812e95b2ff66bd7033f8.md)
Thursday.png,Thursday,"October 26, 2023",No,No,No,No,No,No,0,July 2023 (July%202023%2012e9f03e8f9c812e95b2ff66bd7033f8.md)
Friday.png,Friday,"April 26, 2024",No,No,No,No,No,No,0,July 2023 (July%202023%2012e9f03e8f9c812e95b2ff66bd7033f8.md)
Friday.png,Friday,"October 27, 2023",No,No,No,No,No,No,0,July 2023 (July%202023%2012e9f03e8f9c812e95b2ff66bd7033f8.md)
Monday.png,Monday,"September 4, 2023",No,No,No,No,No,No,0,July 2023 (July%202023%2012e9f03e8f9c812e95b2ff66bd7033f8.md)
Friday.png,Friday,"March 8, 2024",No,No,No,No,No,No,0,July 2023 (July%202023%2012e9f03e8f9c812e95b2ff66bd7033f8.md)
Monday.png,Monday,"February 12, 2024",No,No,No,No,No,No,0,July 2023 (July%202023%2012e9f03e8f9c812e95b2ff66bd7033f8.md)
Sunday.png,Sunday,"June 25, 2023",Yes,Yes,Yes,Yes,Yes,Yes,1,June 2023 (June%202023%2012e9f03e8f9c810399b1d1e474193ee6.md)
Tuesday.png,Tuesday,"September 24, 2024",No,No,No,No,No,No,0,July 2023 (July%202023%2012e9f03e8f9c812e95b2ff66bd7033f8.md)
Thursday.png,Thursday,"August 29, 2024",No,No,No,No,No,No,0,July 2023 (July%202023%2012e9f03e8f9c812e95b2ff66bd7033f8.md)
Thursday.png,Thursday,"September 5, 2024",No,No,No,No,No,No,0,July 2023 (July%202023%2012e9f03e8f9c812e95b2ff66bd7033f8.md)
Saturday.png,Saturday,"July 20, 2024",No,No,No,No,No,No,0,July 2023 (July%202023%2012e9f03e8f9c812e95b2ff66bd7033f8.md)
Wednesday.png,Wednesday,"April 10, 2024",No,No,No,No,No,No,0,July 2023 (July%202023%2012e9f03e8f9c812e95b2ff66bd7033f8.md)
Saturday.png,Saturday,"January 27, 2024",No,No,No,No,No,No,0,July 2023 (July%202023%2012e9f03e8f9c812e95b2ff66bd7033f8.md)
Thursday.png,Thursday,"February 22, 2024",No,No,No,No,No,No,0,July 2023 (July%202023%2012e9f03e8f9c812e95b2ff66bd7033f8.md)
Tuesday.png,Tuesday,"June 11, 2024",No,No,No,No,No,No,0,July 2023 (July%202023%2012e9f03e8f9c812e95b2ff66bd7033f8.md)
Sunday.png,Sunday,"September 24, 2023",No,No,No,No,No,No,0,July 2023 (July%202023%2012e9f03e8f9c812e95b2ff66bd7033f8.md)
Monday.png,Monday,"July 17, 2023",Yes,Yes,Yes,Yes,Yes,Yes,1,July 2023 (July%202023%2012e9f03e8f9c812e95b2ff66bd7033f8.md)
Wednesday.png,Wednesday,"September 6, 2023",No,No,No,No,No,No,0,July 2023 (July%202023%2012e9f03e8f9c812e95b2ff66bd7033f8.md)
Wednesday.png,Wednesday,"September 27, 2023",No,No,No,No,No,No,0,July 2023 (July%202023%2012e9f03e8f9c812e95b2ff66bd7033f8.md)
Monday.png,Monday,"June 12, 2023",Yes,Yes,Yes,Yes,Yes,Yes,1,June 2023 (June%202023%2012e9f03e8f9c810399b1d1e474193ee6.md)
Thursday.png,Thursday,"July 25, 2024",No,No,No,No,No,No,0,July 2023 (July%202023%2012e9f03e8f9c812e95b2ff66bd7033f8.md)
Sunday.png,Sunday,"July 14, 2024",No,No,No,No,No,No,0,July 2023 (July%202023%2012e9f03e8f9c812e95b2ff66bd7033f8.md)
Wednesday.png,Wednesday,"August 21, 2024",No,No,No,No,No,No,0,July 2023 (July%202023%2012e9f03e8f9c812e95b2ff66bd7033f8.md)
Wednesday.png,Wednesday,"September 11, 2024",No,No,No,No,No,No,0,July 2023 (July%202023%2012e9f03e8f9c812e95b2ff66bd7033f8.md)
Tuesday.png,Tuesday,"September 26, 2023",No,No,No,No,No,No,0,July 2023 (July%202023%2012e9f03e8f9c812e95b2ff66bd7033f8.md)
Saturday.png,Saturday,"January 13, 2024",No,No,No,No,No,No,0,July 2023 (July%202023%2012e9f03e8f9c812e95b2ff66bd7033f8.md)
Sunday.png,Sunday,"June 23, 2024",No,No,No,No,No,No,0,July 2023 (July%202023%2012e9f03e8f9c812e95b2ff66bd7033f8.md)
Tuesday.png,Tuesday,"January 9, 2024",No,No,No,No,No,No,0,July 2023 (July%202023%2012e9f03e8f9c812e95b2ff66bd7033f8.md)
Friday.png,Friday,"December 22, 2023",No,No,No,No,No,No,0,July 2023 (July%202023%2012e9f03e8f9c812e95b2ff66bd7033f8.md)
Tuesday.png,Tuesday,"July 2, 2024",No,No,No,No,No,No,0,July 2023 (July%202023%2012e9f03e8f9c812e95b2ff66bd7033f8.md)
Friday.png,Friday,"August 18, 2023",No,No,No,No,No,No,0,July 2023 (July%202023%2012e9f03e8f9c812e95b2ff66bd7033f8.md)
Tuesday.png,Tuesday,"February 20, 2024",No,No,No,No,No,No,0,July 2023 (July%202023%2012e9f03e8f9c812e95b2ff66bd7033f8.md)
Friday.png,Friday,"February 9, 2024",No,No,No,No,No,No,0,July 2023 (July%202023%2012e9f03e8f9c812e95b2ff66bd7033f8.md)
Tuesday.png,Tuesday,"February 27, 2024",No,No,No,No,No,No,0,July 2023 (July%202023%2012e9f03e8f9c812e95b2ff66bd7033f8.md)
Saturday.png,Saturday,"June 10, 2023",Yes,Yes,Yes,Yes,Yes,Yes,1,June 2023 (June%202023%2012e9f03e8f9c810399b1d1e474193ee6.md)
Thursday.png,Thursday,"May 16, 2024",No,No,No,No,No,No,0,July 2023 (July%202023%2012e9f03e8f9c812e95b2ff66bd7033f8.md)
Wednesday.png,Wednesday,"November 1, 2023",No,No,No,No,No,No,0,July 2023 (July%202023%2012e9f03e8f9c812e95b2ff66bd7033f8.md)
Monday.png,Monday,"August 12, 2024",No,No,No,No,No,No,0,July 2023 (July%202023%2012e9f03e8f9c812e95b2ff66bd7033f8.md)
Saturday.png,Saturday,"July 1, 2023",Yes,Yes,Yes,Yes,Yes,Yes,1,July 2023 (July%202023%2012e9f03e8f9c812e95b2ff66bd7033f8.md)
Monday.png,Monday,"August 7, 2023",No,No,No,No,No,No,0,July 2023 (July%202023%2012e9f03e8f9c812e95b2ff66bd7033f8.md)
Wednesday.png,Wednesday,"April 3, 2024",No,No,No,No,No,No,0,July 2023 (July%202023%2012e9f03e8f9c812e95b2ff66bd7033f8.md)
Monday.png,Monday,"November 13, 2023",No,No,No,No,No,No,0,July 2023 (July%202023%2012e9f03e8f9c812e95b2ff66bd7033f8.md)
Sunday.png,Sunday,"September 3, 2023",No,No,No,No,No,No,0,July 2023 (July%202023%2012e9f03e8f9c812e95b2ff66bd7033f8.md)
Saturday.png,Saturday,"October 28, 2023",No,No,No,No,No,No,0,July 2023 (July%202023%2012e9f03e8f9c812e95b2ff66bd7033f8.md)
Saturday.png,Saturday,"February 17, 2024",No,No,No,No,No,No,0,July 2023 (July%202023%2012e9f03e8f9c812e95b2ff66bd7033f8.md)
Thursday.png,Thursday,"July 20, 2023",No,No,No,No,No,No,0,July 2023 (July%202023%2012e9f03e8f9c812e95b2ff66bd7033f8.md)
Sunday.png,Sunday,"July 2, 2023",Yes,Yes,Yes,Yes,Yes,Yes,1,July 2023 (July%202023%2012e9f03e8f9c812e95b2ff66bd7033f8.md)
Saturday.png,Saturday,"September 23, 2023",No,No,No,No,No,No,0,July 2023 (July%202023%2012e9f03e8f9c812e95b2ff66bd7033f8.md)
Friday.png,Friday,"March 1, 2024",No,No,No,No,No,No,0,July 2023 (July%202023%2012e9f03e8f9c812e95b2ff66bd7033f8.md)
Saturday.png,Saturday,"December 16, 2023",No,No,No,No,No,No,0,July 2023 (July%202023%2012e9f03e8f9c812e95b2ff66bd7033f8.md)
Sunday.png,Sunday,"June 11, 2023",Yes,Yes,No,Yes,Yes,Yes,0.84,June 2023 (June%202023%2012e9f03e8f9c810399b1d1e474193ee6.md)
Monday.png,Monday,"July 1, 2024",No,No,No,No,No,No,0,July 2023 (July%202023%2012e9f03e8f9c812e95b2ff66bd7033f8.md)
Monday.png,Monday,"July 10, 2023",Yes,Yes,Yes,Yes,Yes,Yes,1,July 2023 (July%202023%2012e9f03e8f9c812e95b2ff66bd7033f8.md)
Saturday.png,Saturday,"December 30, 2023",No,No,No,No,No,No,0,July 2023 (July%202023%2012e9f03e8f9c812e95b2ff66bd7033f8.md)
Thursday.png,Thursday,"August 8, 2024",No,No,No,No,No,No,0,July 2023 (July%202023%2012e9f03e8f9c812e95b2ff66bd7033f8.md)
Sunday.png,Sunday,"August 11, 2024",No,No,No,No,No,No,0,July 2023 (July%202023%2012e9f03e8f9c812e95b2ff66bd7033f8.md)
Thursday.png,Thursday,"July 11, 2024",No,No,No,No,No,No,0,July 2023 (July%202023%2012e9f03e8f9c812e95b2ff66bd7033f8.md)
Sunday.png,Sunday,"August 27, 2023",No,No,No,No,No,No,0,July 2023 (July%202023%2012e9f03e8f9c812e95b2ff66bd7033f8.md)
Thursday.png,Thursday,"February 8, 2024",No,No,No,No,No,No,0,July 2023 (July%202023%2012e9f03e8f9c812e95b2ff66bd7033f8.md)
Friday.png,Friday,"July 28, 2023",No,No,No,No,No,No,0,July 2023 (July%202023%2012e9f03e8f9c812e95b2ff66bd7033f8.md)
Thursday.png,Thursday,"December 28, 2023",No,No,No,No,No,No,0,July 2023 (July%202023%2012e9f03e8f9c812e95b2ff66bd7033f8.md)
Friday.png,Friday,"August 11, 2023",No,No,No,No,No,No,0,July 2023 (July%202023%2012e9f03e8f9c812e95b2ff66bd7033f8.md)
Friday.png,Friday,"January 12, 2024",No,No,No,No,No,No,0,July 2023 (July%202023%2012e9f03e8f9c812e95b2ff66bd7033f8.md)
Tuesday.png,Tuesday,"July 23, 2024",No,No,No,No,No,No,0,July 2023 (July%202023%2012e9f03e8f9c812e95b2ff66bd7033f8.md)
Wednesday.png,Wednesday,"September 20, 2023",No,No,No,No,No,No,0,July 2023 (July%202023%2012e9f03e8f9c812e95b2ff66bd7033f8.md)
Friday.png,Friday,"July 26, 2024",No,No,No,No,No,No,0,July 2023 (July%202023%2012e9f03e8f9c812e95b2ff66bd7033f8.md)
Friday.png,Friday,"October 13, 2023",No,No,No,No,No,No,0,July 2023 (July%202023%2012e9f03e8f9c812e95b2ff66bd7033f8.md)
Tuesday.png,Tuesday,"May 21, 2024",No,No,No,No,No,No,0,July 2023 (July%202023%2012e9f03e8f9c812e95b2ff66bd7033f8.md)
Saturday.png,Saturday,"August 12, 2023",No,No,No,No,No,No,0,July 2023 (July%202023%2012e9f03e8f9c812e95b2ff66bd7033f8.md)
Monday.png,Monday,"November 20, 2023",No,No,No,No,No,No,0,July 2023 (July%202023%2012e9f03e8f9c812e95b2ff66bd7033f8.md)
Saturday.png,Saturday,"February 24, 2024",No,No,No,No,No,No,0,July 2023 (July%202023%2012e9f03e8f9c812e95b2ff66bd7033f8.md)
Monday.png,Monday,"February 5, 2024",No,No,No,No,No,No,0,July 2023 (July%202023%2012e9f03e8f9c812e95b2ff66bd7033f8.md)
Friday.png,Friday,"January 26, 2024",No,No,No,No,No,No,0,July 2023 (July%202023%2012e9f03e8f9c812e95b2ff66bd7033f8.md)
Wednesday.png,Wednesday,"November 29, 2023",No,No,No,No,No,No,0,July 2023 (July%202023%2012e9f03e8f9c812e95b2ff66bd7033f8.md)
Saturday.png,Saturday,"July 13, 2024",No,No,No,No,No,No,0,July 2023 (July%202023%2012e9f03e8f9c812e95b2ff66bd7033f8.md)
Friday.png,Friday,"November 3, 2023",No,No,No,No,No,No,0,July 2023 (July%202023%2012e9f03e8f9c812e95b2ff66bd7033f8.md)
Wednesday.png,Wednesday,"November 15, 2023",No,No,No,No,No,No,0,July 2023 (July%202023%2012e9f03e8f9c812e95b2ff66bd7033f8.md)
Friday.png,Friday,"August 23, 2024",No,No,No,No,No,No,0,July 2023 (July%202023%2012e9f03e8f9c812e95b2ff66bd7033f8.md)
Sunday.png,Sunday,"March 24, 2024",No,No,No,No,No,No,0,July 2023 (July%202023%2012e9f03e8f9c812e95b2ff66bd7033f8.md)
Friday.png,Friday,"July 7, 2023",Yes,Yes,Yes,Yes,Yes,Yes,1,July 2023 (July%202023%2012e9f03e8f9c812e95b2ff66bd7033f8.md)
Sunday.png,Sunday,"May 19, 2024",No,No,No,No,No,No,0,July 2023 (July%202023%2012e9f03e8f9c812e95b2ff66bd7033f8.md)
Sunday.png,Sunday,"September 17, 2023",No,No,No,No,No,No,0,July 2023 (July%202023%2012e9f03e8f9c812e95b2ff66bd7033f8.md)
Wednesday.png,Wednesday,"August 28, 2024",No,No,No,No,No,No,0,July 2023 (July%202023%2012e9f03e8f9c812e95b2ff66bd7033f8.md)
Thursday.png,Thursday,"July 4, 2024",No,No,No,No,No,No,0,July 2023 (July%202023%2012e9f03e8f9c812e95b2ff66bd7033f8.md)
Thursday.png,Thursday,"June 22, 2023",Yes,Yes,Yes,Yes,Yes,Yes,1,June 2023 (June%202023%2012e9f03e8f9c810399b1d1e474193ee6.md)
Thursday.png,Thursday,"November 9, 2023",No,No,No,No,No,No,0,July 2023 (July%202023%2012e9f03e8f9c812e95b2ff66bd7033f8.md)
Monday.png,Monday,"January 1, 2024",No,No,No,No,No,No,0,July 2023 (July%202023%2012e9f03e8f9c812e95b2ff66bd7033f8.md)
Tuesday.png,Tuesday,"June 25, 2024",No,No,No,No,No,No,0,July 2023 (July%202023%2012e9f03e8f9c812e95b2ff66bd7033f8.md)
Friday.png,Friday,"February 16, 2024",No,No,No,No,No,No,0,July 2023 (July%202023%2012e9f03e8f9c812e95b2ff66bd7033f8.md)
Monday.png,Monday,"May 27, 2024",No,No,No,No,No,No,0,July 2023 (July%202023%2012e9f03e8f9c812e95b2ff66bd7033f8.md)
Sunday.png,Sunday,"February 25, 2024",No,No,No,No,No,No,0,July 2023 (July%202023%2012e9f03e8f9c812e95b2ff66bd7033f8.md)
Wednesday.png,Wednesday,"January 10, 2024",No,No,No,No,No,No,0,July 2023 (July%202023%2012e9f03e8f9c812e95b2ff66bd7033f8.md)
Thursday.png,Thursday,"October 5, 2023",No,No,No,No,No,No,0,July 2023 (July%202023%2012e9f03e8f9c812e95b2ff66bd7033f8.md)
Wednesday.png,Wednesday,"June 12, 2024",No,No,No,No,No,No,0,July 2023 (July%202023%2012e9f03e8f9c812e95b2ff66bd7033f8.md)
Sunday.png,Sunday,"October 8, 2023",No,No,No,No,No,No,0,July 2023 (July%202023%2012e9f03e8f9c812e95b2ff66bd7033f8.md)
Thursday.png,Thursday,"December 14, 2023",No,No,No,No,No,No,0,July 2023 (July%202023%2012e9f03e8f9c812e95b2ff66bd7033f8.md)
Saturday.png,Saturday,"August 19, 2023",No,No,No,No,No,No,0,July 2023 (July%202023%2012e9f03e8f9c812e95b2ff66bd7033f8.md)
Tuesday.png,Tuesday,"October 10, 2023",No,No,No,No,No,No,0,July 2023 (July%202023%2012e9f03e8f9c812e95b2ff66bd7033f8.md)
Sunday.png,Sunday,"June 18, 2023",Yes,Yes,Yes,Yes,Yes,Yes,1,June 2023 (June%202023%2012e9f03e8f9c810399b1d1e474193ee6.md)
Friday.png,Friday,"March 15, 2024",No,No,No,No,No,No,0,July 2023 (July%202023%2012e9f03e8f9c812e95b2ff66bd7033f8.md)
Monday.png,Monday,"October 2, 2023",No,No,No,No,No,No,0,July 2023 (July%202023%2012e9f03e8f9c812e95b2ff66bd7033f8.md)
Saturday.png,Saturday,"March 30, 2024",No,No,No,No,No,No,0,July 2023 (July%202023%2012e9f03e8f9c812e95b2ff66bd7033f8.md)
Friday.png,Friday,"June 30, 2023",Yes,Yes,Yes,Yes,Yes,Yes,1,June 2023 (June%202023%2012e9f03e8f9c810399b1d1e474193ee6.md)
Thursday.png,Thursday,"April 25, 2024",No,No,No,No,No,No,0,July 2023 (July%202023%2012e9f03e8f9c812e95b2ff66bd7033f8.md)
Thursday.png,Thursday,"May 2, 2024",No,No,No,No,No,No,0,July 2023 (July%202023%2012e9f03e8f9c812e95b2ff66bd7033f8.md)
Saturday.png,Saturday,"August 31, 2024",No,No,No,No,No,No,0,July 2023 (July%202023%2012e9f03e8f9c812e95b2ff66bd7033f8.md)
Sunday.png,Sunday,"July 30, 2023",No,No,No,No,No,No,0,July 2023 (July%202023%2012e9f03e8f9c812e95b2ff66bd7033f8.md)
Monday.png,Monday,"August 5, 2024",No,No,No,No,No,No,0,July 2023 (July%202023%2012e9f03e8f9c812e95b2ff66bd7033f8.md)
Saturday.png,Saturday,"May 18, 2024",No,No,No,No,No,No,0,July 2023 (July%202023%2012e9f03e8f9c812e95b2ff66bd7033f8.md)
Wednesday.png,Wednesday,"July 31, 2024",No,No,No,No,No,No,0,July 2023 (July%202023%2012e9f03e8f9c812e95b2ff66bd7033f8.md)
Wednesday.png,Wednesday,"May 1, 2024",No,No,No,No,No,No,0,July 2023 (July%202023%2012e9f03e8f9c812e95b2ff66bd7033f8.md)
Sunday.png,Sunday,"October 29, 2023",No,No,No,No,No,No,0,July 2023 (July%202023%2012e9f03e8f9c812e95b2ff66bd7033f8.md)
Monday.png,Monday,"July 8, 2024",No,No,No,No,No,No,0,July 2023 (July%202023%2012e9f03e8f9c812e95b2ff66bd7033f8.md)
Monday.png,Monday,"October 9, 2023",No,No,No,No,No,No,0,July 2023 (July%202023%2012e9f03e8f9c812e95b2ff66bd7033f8.md)
Thursday.png,Thursday,"June 15, 2023",Yes,Yes,Yes,Yes,Yes,Yes,1,June 2023 (June%202023%2012e9f03e8f9c810399b1d1e474193ee6.md)
Sunday.png,Sunday,"February 11, 2024",No,No,No,No,No,No,0,July 2023 (July%202023%2012e9f03e8f9c812e95b2ff66bd7033f8.md)
Friday.png,Friday,"November 24, 2023",No,No,No,No,No,No,0,July 2023 (July%202023%2012e9f03e8f9c812e95b2ff66bd7033f8.md)
Wednesday.png,Wednesday,"January 24, 2024",No,No,No,No,No,No,0,July 2023 (July%202023%2012e9f03e8f9c812e95b2ff66bd7033f8.md)
Friday.png,Friday,"September 22, 2023",No,No,No,No,No,No,0,July 2023 (July%202023%2012e9f03e8f9c812e95b2ff66bd7033f8.md)
Wednesday.png,Wednesday,"July 5, 2023",Yes,Yes,Yes,Yes,Yes,Yes,1,July 2023 (July%202023%2012e9f03e8f9c812e95b2ff66bd7033f8.md)
Friday.png,Friday,"August 2, 2024",No,No,No,No,No,No,0,July 2023 (July%202023%2012e9f03e8f9c812e95b2ff66bd7033f8.md)
Sunday.png,Sunday,"January 7, 2024",No,No,No,No,No,No,0,July 2023 (July%202023%2012e9f03e8f9c812e95b2ff66bd7033f8.md)
Sunday.png,Sunday,"May 5, 2024",No,No,No,No,No,No,0,July 2023 (July%202023%2012e9f03e8f9c812e95b2ff66bd7033f8.md)
Monday.png,Monday,"July 3, 2023",Yes,Yes,Yes,Yes,Yes,Yes,1,July 2023 (July%202023%2012e9f03e8f9c812e95b2ff66bd7033f8.md)
Saturday.png,Saturday,"September 16, 2023",No,No,No,No,No,No,0,July 2023 (July%202023%2012e9f03e8f9c812e95b2ff66bd7033f8.md)
Friday.png,Friday,"November 17, 2023",No,No,No,No,No,No,0,July 2023 (July%202023%2012e9f03e8f9c812e95b2ff66bd7033f8.md)
Saturday.png,Saturday,"February 10, 2024",No,No,No,No,No,No,0,July 2023 (July%202023%2012e9f03e8f9c812e95b2ff66bd7033f8.md)
Wednesday.png,Wednesday,"March 20, 2024",No,No,No,No,No,No,0,July 2023 (July%202023%2012e9f03e8f9c812e95b2ff66bd7033f8.md)
Thursday.png,Thursday,"March 28, 2024",No,No,No,No,No,No,0,July 2023 (July%202023%2012e9f03e8f9c812e95b2ff66bd7033f8.md)
Sunday.png,Sunday,"December 10, 2023",No,No,No,No,No,No,0,July 2023 (July%202023%2012e9f03e8f9c812e95b2ff66bd7033f8.md)
Thursday.png,Thursday,"September 28, 2023",No,No,No,No,No,No,0,July 2023 (July%202023%2012e9f03e8f9c812e95b2ff66bd7033f8.md)
Tuesday.png,Tuesday,"January 16, 2024",No,No,No,No,No,No,0,July 2023 (July%202023%2012e9f03e8f9c812e95b2ff66bd7033f8.md)
Saturday.png,Saturday,"December 23, 2023",No,No,No,No,No,No,0,July 2023 (July%202023%2012e9f03e8f9c812e95b2ff66bd7033f8.md)
Sunday.png,Sunday,"July 16, 2023",Yes,Yes,Yes,Yes,Yes,Yes,1,July 2023 (July%202023%2012e9f03e8f9c812e95b2ff66bd7033f8.md)
Saturday.png,Saturday,"August 24, 2024",No,No,No,No,No,No,0,July 2023 (July%202023%2012e9f03e8f9c812e95b2ff66bd7033f8.md)
Tuesday.png,Tuesday,"April 16, 2024",No,No,No,No,No,No,0,July 2023 (July%202023%2012e9f03e8f9c812e95b2ff66bd7033f8.md)
Tuesday.png,Tuesday,"March 12, 2024",No,No,No,No,No,No,0,July 2023 (July%202023%2012e9f03e8f9c812e95b2ff66bd7033f8.md)
Wednesday.png,Wednesday,"September 4, 2024",No,No,No,No,No,No,0,July 2023 (July%202023%2012e9f03e8f9c812e95b2ff66bd7033f8.md)
Thursday.png,Thursday,"July 6, 2023",Yes,Yes,Yes,Yes,Yes,Yes,1,July 2023 (July%202023%2012e9f03e8f9c812e95b2ff66bd7033f8.md)
Friday.png,Friday,"March 22, 2024",No,No,No,No,No,No,0,July 2023 (July%202023%2012e9f03e8f9c812e95b2ff66bd7033f8.md)
Monday.png,Monday,"September 25, 2023",No,No,No,No,No,No,0,July 2023 (July%202023%2012e9f03e8f9c812e95b2ff66bd7033f8.md)
Tuesday.png,Tuesday,"August 13, 2024",No,No,No,No,No,No,0,July 2023 (July%202023%2012e9f03e8f9c812e95b2ff66bd7033f8.md)
Monday.png,Monday,"July 31, 2023",No,No,No,No,No,No,0,July 2023 (July%202023%2012e9f03e8f9c812e95b2ff66bd7033f8.md)
Sunday.png,Sunday,"November 19, 2023",No,No,No,No,No,No,0,July 2023 (July%202023%2012e9f03e8f9c812e95b2ff66bd7033f8.md)
Monday.png,Monday,"December 4, 2023",No,No,No,No,No,No,0,July 2023 (July%202023%2012e9f03e8f9c812e95b2ff66bd7033f8.md)
Monday.png,Monday,"June 19, 2023",Yes,No,Yes,Yes,Yes,Yes,0.84,June 2023 (June%202023%2012e9f03e8f9c810399b1d1e474193ee6.md)
Friday.png,Friday,"September 15, 2023",No,No,No,No,No,No,0,July 2023 (July%202023%2012e9f03e8f9c812e95b2ff66bd7033f8.md)
Saturday.png,Saturday,"August 26, 2023",No,No,No,No,No,No,0,July 2023 (July%202023%2012e9f03e8f9c812e95b2ff66bd7033f8.md)
Thursday.png,Thursday,"July 18, 2024",No,No,No,No,No,No,0,July 2023 (July%202023%2012e9f03e8f9c812e95b2ff66bd7033f8.md)
Wednesday.png,Wednesday,"August 7, 2024",No,No,No,No,No,No,0,July 2023 (July%202023%2012e9f03e8f9c812e95b2ff66bd7033f8.md)
Monday.png,Monday,"May 6, 2024",No,No,No,No,No,No,0,July 2023 (July%202023%2012e9f03e8f9c812e95b2ff66bd7033f8.md)
Sunday.png,Sunday,"August 6, 2023",No,No,No,No,No,No,0,July 2023 (July%202023%2012e9f03e8f9c812e95b2ff66bd7033f8.md)
Sunday.png,Sunday,"April 14, 2024",No,No,No,No,No,No,0,July 2023 (July%202023%2012e9f03e8f9c812e95b2ff66bd7033f8.md)
Monday.png,Monday,"July 24, 2023",No,No,No,No,No,No,0,July 2023 (July%202023%2012e9f03e8f9c812e95b2ff66bd7033f8.md)
Friday.png,Friday,"October 20, 2023",No,No,No,No,No,No,0,July 2023 (July%202023%2012e9f03e8f9c812e95b2ff66bd7033f8.md)
Monday.png,Monday,"March 11, 2024",No,No,No,No,No,No,0,July 2023 (July%202023%2012e9f03e8f9c812e95b2ff66bd7033f8.md)
Thursday.png,Thursday,"June 29, 2023",Yes,Yes,Yes,Yes,Yes,Yes,1,June 2023 (June%202023%2012e9f03e8f9c810399b1d1e474193ee6.md)
Saturday.png,Saturday,"July 8, 2023",Yes,Yes,Yes,Yes,Yes,Yes,1,July 2023 (July%202023%2012e9f03e8f9c812e95b2ff66bd7033f8.md)
Wednesday.png,Wednesday,"August 9, 2023",No,No,No,No,No,No,0,July 2023 (July%202023%2012e9f03e8f9c812e95b2ff66bd7033f8.md)
Sunday.png,Sunday,"October 15, 2023",No,No,No,No,No,No,0,July 2023 (July%202023%2012e9f03e8f9c812e95b2ff66bd7033f8.md)
Thursday.png,Thursday,"September 14, 2023",No,No,No,No,No,No,0,July 2023 (July%202023%2012e9f03e8f9c812e95b2ff66bd7033f8.md)
Wednesday.png,Wednesday,"July 26, 2023",No,No,No,No,No,No,0,July 2023 (July%202023%2012e9f03e8f9c812e95b2ff66bd7033f8.md)
Thursday.png,Thursday,"August 31, 2023",No,No,No,No,No,No,0,July 2023 (July%202023%2012e9f03e8f9c812e95b2ff66bd7033f8.md)
Friday.png,Friday,"June 14, 2024",No,No,No,No,No,No,0,July 2023 (July%202023%2012e9f03e8f9c812e95b2ff66bd7033f8.md)
Wednesday.png,Wednesday,"August 23, 2023",No,No,No,No,No,No,0,July 2023 (July%202023%2012e9f03e8f9c812e95b2ff66bd7033f8.md)
Saturday.png,Saturday,"March 23, 2024",No,No,No,No,No,No,0,July 2023 (July%202023%2012e9f03e8f9c812e95b2ff66bd7033f8.md)
Thursday.png,Thursday,"April 18, 2024",No,No,No,No,No,No,0,July 2023 (July%202023%2012e9f03e8f9c812e95b2ff66bd7033f8.md)
Tuesday.png,Tuesday,"October 24, 2023",No,No,No,No,No,No,0,July 2023 (July%202023%2012e9f03e8f9c812e95b2ff66bd7033f8.md)
Tuesday.png,Tuesday,"March 26, 2024",No,No,No,No,No,No,0,July 2023 (July%202023%2012e9f03e8f9c812e95b2ff66bd7033f8.md)
Thursday.png,Thursday,"July 13, 2023",Yes,Yes,Yes,Yes,Yes,Yes,1,July 2023 (July%202023%2012e9f03e8f9c812e95b2ff66bd7033f8.md)
Wednesday.png,Wednesday,"May 15, 2024",No,No,No,No,No,No,0,July 2023 (July%202023%2012e9f03e8f9c812e95b2ff66bd7033f8.md)
Saturday.png,Saturday,"April 6, 2024",No,No,No,No,No,No,0,July 2023 (July%202023%2012e9f03e8f9c812e95b2ff66bd7033f8.md)
Sunday.png,Sunday,"July 9, 2023",Yes,Yes,Yes,Yes,Yes,Yes,1,July 2023 (July%202023%2012e9f03e8f9c812e95b2ff66bd7033f8.md)
Wednesday.png,Wednesday,"April 24, 2024",No,No,No,No,No,No,0,July 2023 (July%202023%2012e9f03e8f9c812e95b2ff66bd7033f8.md)
Friday.png,Friday,"October 6, 2023",No,No,No,No,No,No,0,July 2023 (July%202023%2012e9f03e8f9c812e95b2ff66bd7033f8.md)
Friday.png,Friday,"March 29, 2024",No,No,No,No,No,No,0,July 2023 (July%202023%2012e9f03e8f9c812e95b2ff66bd7033f8.md)
Sunday.png,Sunday,"July 23, 2023",No,No,No,No,No,No,0,July 2023 (July%202023%2012e9f03e8f9c812e95b2ff66bd7033f8.md)
Thursday.png,Thursday,"November 30, 2023",No,No,No,No,No,No,0,July 2023 (July%202023%2012e9f03e8f9c812e95b2ff66bd7033f8.md)
Saturday.png,Saturday,"June 3, 2023",Yes,Yes,Yes,Yes,Yes,Yes,1,June 2023 (June%202023%2012e9f03e8f9c810399b1d1e474193ee6.md)
Tuesday.png,Tuesday,"June 4, 2024",No,No,No,No,No,No,0,July 2023 (July%202023%2012e9f03e8f9c812e95b2ff66bd7033f8.md)
Sunday.png,Sunday,"December 31, 2023",No,No,No,No,No,No,0,July 2023 (July%202023%2012e9f03e8f9c812e95b2ff66bd7033f8.md)
Saturday.png,Saturday,"August 10, 2024",No,No,No,No,No,No,0,July 2023 (July%202023%2012e9f03e8f9c812e95b2ff66bd7033f8.md)
Monday.png,Monday,"February 26, 2024",No,No,No,No,No,No,0,July 2023 (July%202023%2012e9f03e8f9c812e95b2ff66bd7033f8.md)
Monday.png,Monday,"June 24, 2024",No,No,No,No,No,No,0,July 2023 (July%202023%2012e9f03e8f9c812e95b2ff66bd7033f8.md)
Wednesday.png,Wednesday,"December 6, 2023",No,No,No,No,No,No,0,July 2023 (July%202023%2012e9f03e8f9c812e95b2ff66bd7033f8.md)
Tuesday.png,Tuesday,"September 5, 2023",No,No,No,No,No,No,0,July 2023 (July%202023%2012e9f03e8f9c812e95b2ff66bd7033f8.md)
Tuesday.png,Tuesday,"July 9, 2024",No,No,No,No,No,No,0,July 2023 (July%202023%2012e9f03e8f9c812e95b2ff66bd7033f8.md)
Monday.png,Monday,"June 10, 2024",No,No,No,No,No,No,0,July 2023 (July%202023%2012e9f03e8f9c812e95b2ff66bd7033f8.md)
Sunday.png,Sunday,"June 9, 2024",No,No,No,No,No,No,0,July 2023 (July%202023%2012e9f03e8f9c812e95b2ff66bd7033f8.md)
Monday.png,Monday,"January 8, 2024",No,No,No,No,No,No,0,July 2023 (July%202023%2012e9f03e8f9c812e95b2ff66bd7033f8.md)
Friday.png,Friday,"August 30, 2024",No,No,No,No,No,No,0,July 2023 (July%202023%2012e9f03e8f9c812e95b2ff66bd7033f8.md)
Monday.png,Monday,"September 2, 2024",No,No,No,No,No,No,0,July 2023 (July%202023%2012e9f03e8f9c812e95b2ff66bd7033f8.md)
Thursday.png,Thursday,"May 30, 2024",No,No,No,No,No,No,0,July 2023 (July%202023%2012e9f03e8f9c812e95b2ff66bd7033f8.md)
Wednesday.png,Wednesday,"October 30, 2024",No,No,No,No,No,No,0,July 2023 (July%202023%2012e9f03e8f9c812e95b2ff66bd7033f8.md)
Thursday.png,Thursday,"October 31, 2024",No,No,No,No,No,No,0,July 2023 (July%202023%2012e9f03e8f9c812e95b2ff66bd7033f8.md)
Friday.png,Friday,"November 1, 2024",No,No,No,No,No,No,0,July 2023 (July%202023%2012e9f03e8f9c812e95b2ff66bd7033f8.md)
Saturday.png,Saturday,"November 2, 2024",No,No,No,No,No,No,0,July 2023 (July%202023%2012e9f03e8f9c812e95b2ff66bd7033f8.md)
Sunday.png,Sunday,"November 3, 2024",No,No,No,No,No,No,0,July 2023 (July%202023%2012e9f03e8f9c812e95b2ff66bd7033f8.md)
Monday.png,Monday,"November 4, 2024",No,No,No,No,No,No,0,July 2023 (July%202023%2012e9f03e8f9c812e95b2ff66bd7033f8.md)
Tuesday.png,Tuesday,"November 5, 2024",No,No,No,No,No,No,0,July 2023 (July%202023%2012e9f03e8f9c812e95b2ff66bd7033f8.md)
Wednesday.png,Wednesday,"November 6, 2024",No,No,No,No,No,No,0,July 2023 (July%202023%2012e9f03e8f9c812e95b2ff66bd7033f8.md)
Thursday.png,Thursday,"November 7, 2024",No,No,No,No,No,No,0,July 2023 (July%202023%2012e9f03e8f9c812e95b2ff66bd7033f8.md)
Friday.png,Friday,"November 8, 2024",No,No,No,No,No,No,0,July 2023 (July%202023%2012e9f03e8f9c812e95b2ff66bd7033f8.md)
Saturday.png,Saturday,"November 9, 2024",No,No,No,No,No,No,0,July 2023 (July%202023%2012e9f03e8f9c812e95b2ff66bd7033f8.md)
Sunday.png,Sunday,"November 10, 2024",No,No,No,No,No,No,0,July 2023 (July%202023%2012e9f03e8f9c812e95b2ff66bd7033f8.md)
Monday.png,Monday,"November 11, 2024",No,No,No,No,No,No,0,July 2023 (July%202023%2012e9f03e8f9c812e95b2ff66bd7033f8.md)
Tuesday.png,Tuesday,"November 12, 2024",No,No,No,No,No,No,0,July 2023 (July%202023%2012e9f03e8f9c812e95b2ff66bd7033f8.md)
Wednesday.png,Wednesday,"November 13, 2024",No,No,No,No,No,No,0,July 2023 (July%202023%2012e9f03e8f9c812e95b2ff66bd7033f8.md)
Thursday.png,Thursday,"November 14, 2024",No,No,No,No,No,No,0,July 2023 (July%202023%2012e9f03e8f9c812e95b2ff66bd7033f8.md)
Friday.png,Friday,"November 15, 2024",No,No,No,No,No,No,0,July 2023 (July%202023%2012e9f03e8f9c812e95b2ff66bd7033f8.md)
Saturday.png,Saturday,"November 16, 2024",No,No,No,No,No,No,0,July 2023 (July%202023%2012e9f03e8f9c812e95b2ff66bd7033f8.md)
Sunday.png,Sunday,"November 17, 2024",No,No,No,No,No,No,0,July 2023 (July%202023%2012e9f03e8f9c812e95b2ff66bd7033f8.md)
Monday.png,Monday,"November 18, 2024",No,No,No,No,No,No,0,July 2023 (July%202023%2012e9f03e8f9c812e95b2ff66bd7033f8.md)
Tuesday.png,Tuesday,"November 19, 2024",No,No,No,No,No,No,0,July 2023 (July%202023%2012e9f03e8f9c812e95b2ff66bd7033f8.md)
Wednesday.png,Wednesday,"November 20, 2024",No,No,No,No,No,No,0,July 2023 (July%202023%2012e9f03e8f9c812e95b2ff66bd7033f8.md)
Thursday.png,Thursday,"November 21, 2024",No,No,No,No,No,No,0,July 2023 (July%202023%2012e9f03e8f9c812e95b2ff66bd7033f8.md)
Friday.png,Friday,"November 22, 2024",No,No,No,No,No,No,0,July 2023 (July%202023%2012e9f03e8f9c812e95b2ff66bd7033f8.md)
Saturday.png,Saturday,"November 23, 2024",No,No,No,No,No,No,0,July 2023 (July%202023%2012e9f03e8f9c812e95b2ff66bd7033f8.md)
Sunday.png,Sunday,"November 24, 2024",No,No,No,No,No,No,0,July 2023 (July%202023%2012e9f03e8f9c812e95b2ff66bd7033f8.md)
Monday.png,Monday,"November 25, 2024",No,No,No,No,No,No,0,July 2023 (July%202023%2012e9f03e8f9c812e95b2ff66bd7033f8.md)
Tuesday.png,Tuesday,"November 26, 2024",No,No,No,No,No,No,0,July 2023 (July%202023%2012e9f03e8f9c812e95b2ff66bd7033f8.md)
Wednesday.png,Wednesday,"November 27, 2024",No,No,No,No,No,No,0,July 2023 (July%202023%2012e9f03e8f9c812e95b2ff66bd7033f8.md)
Thursday.png,Thursday,"November 28, 2024",No,No,No,No,No,No,0,July 2023 (July%202023%2012e9f03e8f9c812e95b2ff66bd7033f8.md)
Friday.png,Friday,"November 29, 2024",No,No,No,No,No,No,0,July 2023 (July%202023%2012e9f03e8f9c812e95b2ff66bd7033f8.md)
Saturday.png,Saturday,"November 30, 2024",No,No,No,No,No,No,0,July 2023 (July%202023%2012e9f03e8f9c812e95b2ff66bd7033f8.md)
Sunday.png,Sunday,"December 1, 2024",No,No,No,No,No,No,0,July 2023 (July%202023%2012e9f03e8f9c812e95b2ff66bd7033f8.md)
Monday.png,Monday,"December 2, 2024",No,No,No,No,No,No,0,July 2023 (July%202023%2012e9f03e8f9c812e95b2ff66bd7033f8.md)
Tuesday.png,Tuesday,"December 3, 2024",No,No,No,No,No,No,0,July 2023 (July%202023%2012e9f03e8f9c812e95b2ff66bd7033f8.md)
Wednesday.png,Wednesday,"December 4, 2024",No,No,No,No,No,No,0,July 2023 (July%202023%2012e9f03e8f9c812e95b2ff66bd7033f8.md)
Thursday.png,Thursday,"December 5, 2024",No,No,No,No,No,No,0,July 2023 (July%202023%2012e9f03e8f9c812e95b2ff66bd7033f8.md)
Friday.png,Friday,"December 6, 2024",No,No,No,No,No,No,0,July 2023 (July%202023%2012e9f03e8f9c812e95b2ff66bd7033f8.md)
Saturday.png,Saturday,"December 7, 2024",No,No,No,No,No,No,0,July 2023 (July%202023%2012e9f03e8f9c812e95b2ff66bd7033f8.md)
Sunday.png,Sunday,"December 8, 2024",No,No,No,No,No,No,0,July 2023 (July%202023%2012e9f03e8f9c812e95b2ff66bd7033f8.md)
Monday.png,Monday,"December 9, 2024",No,No,No,No,No,No,0,July 2023 (July%202023%2012e9f03e8f9c812e95b2ff66bd7033f8.md)
Tuesday.png,Tuesday,"December 10, 2024",No,No,No,No,No,No,0,July 2023 (July%202023%2012e9f03e8f9c812e95b2ff66bd7033f8.md)
Wednesday.png,Wednesday,"December 11, 2024",No,No,No,No,No,No,0,July 2023 (July%202023%2012e9f03e8f9c812e95b2ff66bd7033f8.md)
Thursday.png,Thursday,"December 12, 2024",No,No,No,No,No,No,0,July 2023 (July%202023%2012e9f03e8f9c812e95b2ff66bd7033f8.md)
Friday.png,Friday,"December 13, 2024",No,No,No,No,No,No,0,July 2023 (July%202023%2012e9f03e8f9c812e95b2ff66bd7033f8.md)
Saturday.png,Saturday,"December 14, 2024",No,No,No,No,No,No,0,July 2023 (July%202023%2012e9f03e8f9c812e95b2ff66bd7033f8.md)
Sunday.png,Sunday,"December 15, 2024",No,No,No,No,No,No,0,July 2023 (July%202023%2012e9f03e8f9c812e95b2ff66bd7033f8.md)
Monday.png,Monday,"December 16, 2024",No,No,No,No,No,No,0,July 2023 (July%202023%2012e9f03e8f9c812e95b2ff66bd7033f8.md)
Tuesday.png,Tuesday,"December 17, 2024",No,No,No,No,No,No,0,July 2023 (July%202023%2012e9f03e8f9c812e95b2ff66bd7033f8.md)
Wednesday.png,Wednesday,"December 18, 2024",No,No,No,No,No,No,0,July 2023 (July%202023%2012e9f03e8f9c812e95b2ff66bd7033f8.md)
Thursday.png,Thursday,"December 19, 2024",No,No,No,No,No,No,0,July 2023 (July%202023%2012e9f03e8f9c812e95b2ff66bd7033f8.md)
Friday.png,Friday,"December 20, 2024",No,No,No,No,No,No,0,July 2023 (July%202023%2012e9f03e8f9c812e95b2ff66bd7033f8.md)
Saturday.png,Saturday,"December 21, 2024",No,No,No,No,No,No,0,July 2023 (July%202023%2012e9f03e8f9c812e95b2ff66bd7033f8.md)
Sunday.png,Sunday,"December 22, 2024",No,No,No,No,No,No,0,July 2023 (July%202023%2012e9f03e8f9c812e95b2ff66bd7033f8.md)
Monday.png,Monday,"December 23, 2024",No,No,No,No,No,No,0,July 2023 (July%202023%2012e9f03e8f9c812e95b2ff66bd7033f8.md)
Tuesday.png,Tuesday,"December 24, 2024",No,No,No,No,No,No,0,July 2023 (July%202023%2012e9f03e8f9c812e95b2ff66bd7033f8.md)
Wednesday.png,Wednesday,"December 25, 2024",No,No,No,No,No,No,0,July 2023 (July%202023%2012e9f03e8f9c812e95b2ff66bd7033f8.md)
Thursday.png,Thursday,"December 26, 2024",No,No,No,No,No,No,0,July 2023 (July%202023%2012e9f03e8f9c812e95b2ff66bd7033f8.md)
Friday.png,Friday,"December 27, 2024",No,No,No,No,No,No,0,July 2023 (July%202023%2012e9f03e8f9c812e95b2ff66bd7033f8.md)
Saturday.png,Saturday,"December 28, 2024",No,No,No,No,No,No,0,July 2023 (July%202023%2012e9f03e8f9c812e95b2ff66bd7033f8.md)
Sunday.png,Sunday,"December 29, 2024",No,No,No,No,No,No,0,July 2023 (July%202023%2012e9f03e8f9c812e95b2ff66bd7033f8.md)
Monday.png,Monday,"December 30, 2024",No,No,No,No,No,No,0,July 2023 (July%202023%2012e9f03e8f9c812e95b2ff66bd7033f8.md)
Tuesday.png,Tuesday,"December 31, 2024",No,No,No,No,No,No,0,July 2023 (July%202023%2012e9f03e8f9c812e95b2ff66bd7033f8.md)
Wednesday.png,Wednesday,"January 1, 2025",No,No,No,No,No,No,0,July 2023 (July%202023%2012e9f03e8f9c812e95b2ff66bd7033f8.md)
Thursday.png,Thursday,"January 2, 2025",No,No,No,No,No,No,0,July 2023 (July%202023%2012e9f03e8f9c812e95b2ff66bd7033f8.md)
Friday.png,Friday,"January 3, 2025",No,No,No,No,No,No,0,July 2023 (July%202023%2012e9f03e8f9c812e95b2ff66bd7033f8.md)
Saturday.png,Saturday,"January 4, 2025",No,No,No,No,No,No,0,July 2023 (July%202023%2012e9f03e8f9c812e95b2ff66bd7033f8.md)
Sunday.png,Sunday,"January 5, 2025",No,No,No,No,No,No,0,July 2023 (July%202023%2012e9f03e8f9c812e95b2ff66bd7033f8.md)
Monday.png,Monday,"January 6, 2025",No,No,No,No,No,No,0,July 2023 (July%202023%2012e9f03e8f9c812e95b2ff66bd7033f8.md)
Tuesday.png,Tuesday,"January 7, 2025",No,No,No,No,No,No,0,July 2023 (July%202023%2012e9f03e8f9c812e95b2ff66bd7033f8.md)
Wednesday.png,Wednesday,"January 8, 2025",No,No,No,No,No,No,0,July 2023 (July%202023%2012e9f03e8f9c812e95b2ff66bd7033f8.md)
Thursday.png,Thursday,"January 9, 2025",No,No,No,No,No,No,0,July 2023 (July%202023%2012e9f03e8f9c812e95b2ff66bd7033f8.md)
Friday.png,Friday,"January 10, 2025",No,No,No,No,No,No,0,July 2023 (July%202023%2012e9f03e8f9c812e95b2ff66bd7033f8.md)
Saturday.png,Saturday,"January 11, 2025",No,No,No,No,No,No,0,July 2023 (July%202023%2012e9f03e8f9c812e95b2ff66bd7033f8.md)
Sunday.png,Sunday,"January 12, 2025",No,No,No,No,No,No,0,July 2023 (July%202023%2012e9f03e8f9c812e95b2ff66bd7033f8.md)
Monday.png,Monday,"January 13, 2025",No,No,No,No,No,No,0,July 2023 (July%202023%2012e9f03e8f9c812e95b2ff66bd7033f8.md)
Tuesday.png,Tuesday,"January 14, 2025",No,No,No,No,No,No,0,July 2023 (July%202023%2012e9f03e8f9c812e95b2ff66bd7033f8.md)
Wednesday.png,Wednesday,"January 15, 2025",No,No,No,No,No,No,0,July 2023 (July%202023%2012e9f03e8f9c812e95b2ff66bd7033f8.md)
Thursday.png,Thursday,"January 16, 2025",No,No,No,No,No,No,0,July 2023 (July%202023%2012e9f03e8f9c812e95b2ff66bd7033f8.md)
Friday.png,Friday,"January 17, 2025",No,No,No,No,No,No,0,July 2023 (July%202023%2012e9f03e8f9c812e95b2ff66bd7033f8.md)
Saturday.png,Saturday,"January 18, 2025",No,No,No,No,No,No,0,July 2023 (July%202023%2012e9f03e8f9c812e95b2ff66bd7033f8.md)
Sunday.png,Sunday,"January 19, 2025",No,No,No,No,No,No,0,July 2023 (July%202023%2012e9f03e8f9c812e95b2ff66bd7033f8.md)
Monday.png,Monday,"January 20, 2025",No,No,No,No,No,No,0,July 2023 (July%202023%2012e9f03e8f9c812e95b2ff66bd7033f8.md)
Tuesday.png,Tuesday,"January 21, 2025",No,No,No,No,No,No,0,July 2023 (July%202023%2012e9f03e8f9c812e95b2ff66bd7033f8.md)
Wednesday.png,Wednesday,"January 22, 2025",No,No,No,No,No,No,0,July 2023 (July%202023%2012e9f03e8f9c812e95b2ff66bd7033f8.md)
Thursday.png,Thursday,"January 23, 2025",No,No,No,No,No,No,0,July 2023 (July%202023%2012e9f03e8f9c812e95b2ff66bd7033f8.md)
Friday.png,Friday,"January 24, 2025",No,No,No,No,No,No,0,July 2023 (July%202023%2012e9f03e8f9c812e95b2ff66bd7033f8.md)
Saturday.png,Saturday,"January 25, 2025",No,No,No,No,No,No,0,July 2023 (July%202023%2012e9f03e8f9c812e95b2ff66bd7033f8.md)
Sunday.png,Sunday,"January 26, 2025",No,No,No,No,No,No,0,July 2023 (July%202023%2012e9f03e8f9c812e95b2ff66bd7033f8.md)
Monday.png,Monday,"January 27, 2025",No,No,No,No,No,No,0,July 2023 (July%202023%2012e9f03e8f9c812e95b2ff66bd7033f8.md)
Tuesday.png,Tuesday,"January 28, 2025",No,No,No,No,No,No,0,July 2023 (July%202023%2012e9f03e8f9c812e95b2ff66bd7033f8.md)
Wednesday.png,Wednesday,"January 29, 2025",No,No,No,No,No,No,0,July 2023 (July%202023%2012e9f03e8f9c812e95b2ff66bd7033f8.md)
Thursday.png,Thursday,"January 30, 2025",No,No,No,No,No,No,0,July 2023 (July%202023%2012e9f03e8f9c812e95b2ff66bd7033f8.md)
Friday.png,Friday,"January 31, 2025",No,No,No,No,No,No,0,July 2023 (July%202023%2012e9f03e8f9c812e95b2ff66bd7033f8.md)
Saturday.png,Saturday,"February 1, 2025",No,No,No,No,No,No,0,July 2023 (July%202023%2012e9f03e8f9c812e95b2ff66bd7033f8.md)
Sunday.png,Sunday,"February 2, 2025",No,No,No,No,No,No,0,July 2023 (July%202023%2012e9f03e8f9c812e95b2ff66bd7033f8.md)
Monday.png,Monday,"February 3, 2025",No,No,No,No,No,No,0,July 2023 (July%202023%2012e9f03e8f9c812e95b2ff66bd7033f8.md)
Tuesday.png,Tuesday,"February 4, 2025",No,No,No,No,No,No,0,July 2023 (July%202023%2012e9f03e8f9c812e95b2ff66bd7033f8.md)
Wednesday.png,Wednesday,"February 5, 2025",No,No,No,No,No,No,0,July 2023 (July%202023%2012e9f03e8f9c812e95b2ff66bd7033f8.md)
Thursday.png,Thursday,"February 6, 2025",No,No,No,No,No,No,0,July 2023 (July%202023%2012e9f03e8f9c812e95b2ff66bd7033f8.md)
Friday.png,Friday,"February 7, 2025",No,No,No,No,No,No,0,July 2023 (July%202023%2012e9f03e8f9c812e95b2ff66bd7033f8.md)
Saturday.png,Saturday,"February 8, 2025",No,No,No,No,No,No,0,July 2023 (July%202023%2012e9f03e8f9c812e95b2ff66bd7033f8.md)
Sunday.png,Sunday,"February 9, 2025",No,No,No,No,No,No,0,July 2023 (July%202023%2012e9f03e8f9c812e95b2ff66bd7033f8.md)
Monday.png,Monday,"February 10, 2025",No,No,No,No,No,No,0,July 2023 (July%202023%2012e9f03e8f9c812e95b2ff66bd7033f8.md)
Tuesday.png,Tuesday,"February 11, 2025",No,No,No,No,No,No,0,July 2023 (July%202023%2012e9f03e8f9c812e95b2ff66bd7033f8.md)
Wednesday.png,Wednesday,"February 12, 2025",No,No,No,No,No,No,0,July 2023 (July%202023%2012e9f03e8f9c812e95b2ff66bd7033f8.md)
Thursday.png,Thursday,"February 13, 2025",No,No,No,No,No,No,0,July 2023 (July%202023%2012e9f03e8f9c812e95b2ff66bd7033f8.md)
Friday.png,Friday,"February 14, 2025",No,No,No,No,No,No,0,July 2023 (July%202023%2012e9f03e8f9c812e95b2ff66bd7033f8.md)
Saturday.png,Saturday,"February 15, 2025",No,No,No,No,No,No,0,July 2023 (July%202023%2012e9f03e8f9c812e95b2ff66bd7033f8.md)
Sunday.png,Sunday,"February 16, 2025",No,No,No,No,No,No,0,July 2023 (July%202023%2012e9f03e8f9c812e95b2ff66bd7033f8.md)
Monday.png,Monday,"February 17, 2025",No,No,No,No,No,No,0,July 2023 (July%202023%2012e9f03e8f9c812e95b2ff66bd7033f8.md)
Tuesday.png,Tuesday,"February 18, 2025",No,No,No,No,No,No,0,July 2023 (July%202023%2012e9f03e8f9c812e95b2ff66bd7033f8.md)
Wednesday.png,Wednesday,"February 19, 2025",No,No,No,No,No,No,0,July 2023 (July%202023%2012e9f03e8f9c812e95b2ff66bd7033f8.md)
Thursday.png,Thursday,"February 20, 2025",No,No,No,No,No,No,0,July 2023 (July%202023%2012e9f03e8f9c812e95b2ff66bd7033f8.md)
Friday.png,Friday,"February 21, 2025",No,No,No,No,No,No,0,July 2023 (July%202023%2012e9f03e8f9c812e95b2ff66bd7033f8.md)
Saturday.png,Saturday,"February 22, 2025",No,No,No,No,No,No,0,July 2023 (July%202023%2012e9f03e8f9c812e95b2ff66bd7033f8.md)
Sunday.png,Sunday,"February 23, 2025",No,No,No,No,No,No,0,July 2023 (July%202023%2012e9f03e8f9c812e95b2ff66bd7033f8.md)
Monday.png,Monday,"February 24, 2025",No,No,No,No,No,No,0,July 2023 (July%202023%2012e9f03e8f9c812e95b2ff66bd7033f8.md)
Tuesday.png,Tuesday,"February 25, 2025",No,No,No,No,No,No,0,July 2023 (July%202023%2012e9f03e8f9c812e95b2ff66bd7033f8.md)
Wednesday.png,Wednesday,"February 26, 2025",No,No,No,No,No,No,0,July 2023 (July%202023%2012e9f03e8f9c812e95b2ff66bd7033f8.md)
Thursday.png,Thursday,"February 27, 2025",No,No,No,No,No,No,0,July 2023 (July%202023%2012e9f03e8f9c812e95b2ff66bd7033f8.md)
Friday.png,Friday,"February 28, 2025",No,No,No,No,No,No,0,July 2023 (July%202023%2012e9f03e8f9c812e95b2ff66bd7033f8.md)
Saturday.png,Saturday,"March 1, 2025",No,No,No,No,No,No,0,July 2023 (July%202023%2012e9f03e8f9c812e95b2ff66bd7033f8.md)
Sunday.png,Sunday,"March 2, 2025",No,No,No,No,No,No,0,July 2023 (July%202023%2012e9f03e8f9c812e95b2ff66bd7033f8.md)
Monday.png,Monday,"March 3, 2025",No,No,No,No,No,No,0,July 2023 (July%202023%2012e9f03e8f9c812e95b2ff66bd7033f8.md)
Tuesday.png,Tuesday,"March 4, 2025",No,No,No,No,No,No,0,July 2023 (July%202023%2012e9f03e8f9c812e95b2ff66bd7033f8.md)
Wednesday.png,Wednesday,"March 5, 2025",No,No,No,No,No,No,0,July 2023 (July%202023%2012e9f03e8f9c812e95b2ff66bd7033f8.md)
Thursday.png,Thursday,"March 6, 2025",No,No,No,No,No,No,0,July 2023 (July%202023%2012e9f03e8f9c812e95b2ff66bd7033f8.md)
Friday.png,Friday,"March 7, 2025",No,No,No,No,No,No,0,July 2023 (July%202023%2012e9f03e8f9c812e95b2ff66bd7033f8.md)
Saturday.png,Saturday,"March 8, 2025",No,No,No,No,No,No,0,July 2023 (July%202023%2012e9f03e8f9c812e95b2ff66bd7033f8.md)
Sunday.png,Sunday,"March 9, 2025",No,No,No,No,No,No,0,July 2023 (July%202023%2012e9f03e8f9c812e95b2ff66bd7033f8.md)
Monday.png,Monday,"March 10, 2025",No,No,No,No,No,No,0,July 2023 (July%202023%2012e9f03e8f9c812e95b2ff66bd7033f8.md)
Tuesday.png,Tuesday,"March 11, 2025",No,No,No,No,No,No,0,July 2023 (July%202023%2012e9f03e8f9c812e95b2ff66bd7033f8.md)
Wednesday.png,Wednesday,"March 12, 2025",No,No,No,No,No,No,0,July 2023 (July%202023%2012e9f03e8f9c812e95b2ff66bd7033f8.md)
Thursday.png,Thursday,"March 13, 2025",No,No,No,No,No,No,0,July 2023 (July%202023%2012e9f03e8f9c812e95b2ff66bd7033f8.md)
Friday.png,Friday,"March 14, 2025",No,No,No,No,No,No,0,July 2023 (July%202023%2012e9f03e8f9c812e95b2ff66bd7033f8.md)
Saturday.png,Saturday,"March 15, 2025",No,No,No,No,No,No,0,July 2023 (July%202023%2012e9f03e8f9c812e95b2ff66bd7033f8.md)
Sunday.png,Sunday,"March 16, 2025",No,No,No,No,No,No,0,July 2023 (July%202023%2012e9f03e8f9c812e95b2ff66bd7033f8.md)
Monday.png,Monday,"March 17, 2025",No,No,No,No,No,No,0,July 2023 (July%202023%2012e9f03e8f9c812e95b2ff66bd7033f8.md)
Tuesday.png,Tuesday,"March 18, 2025",No,No,No,No,No,No,0,July 2023 (July%202023%2012e9f03e8f9c812e95b2ff66bd7033f8.md)
Wednesday.png,Wednesday,"March 19, 2025",No,No,No,No,No,No,0,July 2023 (July%202023%2012e9f03e8f9c812e95b2ff66bd7033f8.md)
Thursday.png,Thursday,"March 20, 2025",No,No,No,No,No,No,0,July 2023 (July%202023%2012e9f03e8f9c812e95b2ff66bd7033f8.md)
Friday.png,Friday,"March 21, 2025",No,No,No,No,No,No,0,July 2023 (July%202023%2012e9f03e8f9c812e95b2ff66bd7033f8.md)
Saturday.png,Saturday,"March 22, 2025",No,No,No,No,No,No,0,July 2023 (July%202023%2012e9f03e8f9c812e95b2ff66bd7033f8.md)
Sunday.png,Sunday,"March 23, 2025",No,No,No,No,No,No,0,July 2023 (July%202023%2012e9f03e8f9c812e95b2ff66bd7033f8.md)
Monday.png,Monday,"March 24, 2025",No,No,No,No,No,No,0,July 2023 (July%202023%2012e9f03e8f9c812e95b2ff66bd7033f8.md)
Tuesday.png,Tuesday,"March 25, 2025",No,No,No,No,No,No,0,July 2023 (July%202023%2012e9f03e8f9c812e95b2ff66bd7033f8.md)
Wednesday.png,Wednesday,"March 26, 2025",No,No,No,No,No,No,0,July 2023 (July%202023%2012e9f03e8f9c812e95b2ff66bd7033f8.md)
Thursday.png,Thursday,"March 27, 2025",No,No,No,No,No,No,0,July 2023 (July%202023%2012e9f03e8f9c812e95b2ff66bd7033f8.md)
Friday.png,Friday,"March 28, 2025",No,No,No,No,No,No,0,July 2023 (July%202023%2012e9f03e8f9c812e95b2ff66bd7033f8.md)
Saturday.png,Saturday,"March 29, 2025",No,No,No,No,No,No,0,July 2023 (July%202023%2012e9f03e8f9c812e95b2ff66bd7033f8.md)
Sunday.png,Sunday,"March 30, 2025",No,No,No,No,No,No,0,July 2023 (July%202023%2012e9f03e8f9c812e95b2ff66bd7033f8.md)
Monday.png,Monday,"March 31, 2025",No,No,No,No,No,No,0,July 2023 (July%202023%2012e9f03e8f9c812e95b2ff66bd7033f8.md)
Tuesday.png,Tuesday,"April 1, 2025",No,No,No,No,No,No,0,July 2023 (July%202023%2012e9f03e8f9c812e95b2ff66bd7033f8.md)
Wednesday.png,Wednesday,"April 2, 2025",No,No,No,No,No,No,0,July 2023 (July%202023%2012e9f03e8f9c812e95b2ff66bd7033f8.md)
Thursday.png,Thursday,"April 3, 2025",No,No,No,No,No,No,0,July 2023 (July%202023%2012e9f03e8f9c812e95b2ff66bd7033f8.md)
Friday.png,Friday,"April 4, 2025",No,No,No,No,No,No,0,July 2023 (July%202023%2012e9f03e8f9c812e95b2ff66bd7033f8.md)
Saturday.png,Saturday,"April 5, 2025",No,No,No,No,No,No,0,July 2023 (July%202023%2012e9f03e8f9c812e95b2ff66bd7033f8.md)
Sunday.png,Sunday,"April 6, 2025",No,No,No,No,No,No,0,July 2023 (July%202023%2012e9f03e8f9c812e95b2ff66bd7033f8.md)
Monday.png,Monday,"April 7, 2025",No,No,No,No,No,No,0,July 2023 (July%202023%2012e9f03e8f9c812e95b2ff66bd7033f8.md)
Tuesday.png,Tuesday,"April 8, 2025",No,No,No,No,No,No,0,July 2023 (July%202023%2012e9f03e8f9c812e95b2ff66bd7033f8.md)
Wednesday.png,Wednesday,"April 9, 2025",No,No,No,No,No,No,0,July 2023 (July%202023%2012e9f03e8f9c812e95b2ff66bd7033f8.md)
Thursday.png,Thursday,"April 10, 2025",No,No,No,No,No,No,0,July 2023 (July%202023%2012e9f03e8f9c812e95b2ff66bd7033f8.md)
Friday.png,Friday,"April 11, 2025",No,No,No,No,No,No,0,July 2023 (July%202023%2012e9f03e8f9c812e95b2ff66bd7033f8.md)
Saturday.png,Saturday,"April 12, 2025",No,No,No,No,No,No,0,July 2023 (July%202023%2012e9f03e8f9c812e95b2ff66bd7033f8.md)
Sunday.png,Sunday,"April 13, 2025",No,No,No,No,No,No,0,July 2023 (July%202023%2012e9f03e8f9c812e95b2ff66bd7033f8.md)
Monday.png,Monday,"April 14, 2025",No,No,No,No,No,No,0,July 2023 (July%202023%2012e9f03e8f9c812e95b2ff66bd7033f8.md)
Tuesday.png,Tuesday,"April 15, 2025",No,No,No,No,No,No,0,July 2023 (July%202023%2012e9f03e8f9c812e95b2ff66bd7033f8.md)
Wednesday.png,Wednesday,"April 16, 2025",No,No,No,No,No,No,0,July 2023 (July%202023%2012e9f03e8f9c812e95b2ff66bd7033f8.md)
Thursday.png,Thursday,"April 17, 2025",No,No,No,No,No,No,0,July 2023 (July%202023%2012e9f03e8f9c812e95b2ff66bd7033f8.md)
Friday.png,Friday,"April 18, 2025",No,No,No,No,No,No,0,July 2023 (July%202023%2012e9f03e8f9c812e95b2ff66bd7033f8.md)
Saturday.png,Saturday,"April 19, 2025",No,No,No,No,No,No,0,July 2023 (July%202023%2012e9f03e8f9c812e95b2ff66bd7033f8.md)
Sunday.png,Sunday,"April 20, 2025",No,No,No,No,No,No,0,July 2023 (July%202023%2012e9f03e8f9c812e95b2ff66bd7033f8.md)
Monday.png,Monday,"April 21, 2025",No,No,No,No,No,No,0,July 2023 (July%202023%2012e9f03e8f9c812e95b2ff66bd7033f8.md)
Tuesday.png,Tuesday,"April 22, 2025",No,No,No,No,No,No,0,July 2023 (July%202023%2012e9f03e8f9c812e95b2ff66bd7033f8.md)
Wednesday.png,Wednesday,"April 23, 2025",No,No,No,No,No,No,0,July 2023 (July%202023%2012e9f03e8f9c812e95b2ff66bd7033f8.md)
Thursday.png,Thursday,"April 24, 2025",No,No,No,No,No,No,0,July 2023 (July%202023%2012e9f03e8f9c812e95b2ff66bd7033f8.md)
Friday.png,Friday,"April 25, 2025",No,No,No,No,No,No,0,July 2023 (July%202023%2012e9f03e8f9c812e95b2ff66bd7033f8.md)
Saturday.png,Saturday,"April 26, 2025",No,No,No,No,No,No,0,July 2023 (July%202023%2012e9f03e8f9c812e95b2ff66bd7033f8.md)
Sunday.png,Sunday,"April 27, 2025",No,No,No,No,No,No,0,July 2023 (July%202023%2012e9f03e8f9c812e95b2ff66bd7033f8.md)
Monday.png,Monday,"April 28, 2025",No,No,No,No,No,No,0,July 2023 (July%202023%2012e9f03e8f9c812e95b2ff66bd7033f8.md)
Tuesday.png,Tuesday,"April 29, 2025",No,No,No,No,No,No,0,July 2023 (July%202023%2012e9f03e8f9c812e95b2ff66bd7033f8.md)
Wednesday.png,Wednesday,"April 30, 2025",No,No,No,No,No,No,0,July 2023 (July%202023%2012e9f03e8f9c812e95b2ff66bd7033f8.md)
Thursday.png,Thursday,"May 1, 2025",No,No,No,No,No,No,0,July 2023 (July%202023%2012e9f03e8f9c812e95b2ff66bd7033f8.md)
Friday.png,Friday,"May 2, 2025",No,No,No,No,No,No,0,July 2023 (July%202023%2012e9f03e8f9c812e95b2ff66bd7033f8.md)
Saturday.png,Saturday,"May 3, 2025",No,No,No,No,No,No,0,July 2023 (July%202023%2012e9f03e8f9c812e95b2ff66bd7033f8.md)
Sunday.png,Sunday,"May 4, 2025",No,No,No,No,No,No,0,July 2023 (July%202023%2012e9f03e8f9c812e95b2ff66bd7033f8.md)
Monday.png,Monday,"May 5, 2025",No,No,No,No,No,No,0,July 2023 (July%202023%2012e9f03e8f9c812e95b2ff66bd7033f8.md)
Tuesday.png,Tuesday,"May 6, 2025",No,No,No,No,No,No,0,July 2023 (July%202023%2012e9f03e8f9c812e95b2ff66bd7033f8.md)
Wednesday.png,Wednesday,"May 7, 2025",No,No,No,No,No,No,0,July 2023 (July%202023%2012e9f03e8f9c812e95b2ff66bd7033f8.md)
Thursday.png,Thursday,"May 8, 2025",No,No,No,No,No,No,0,July 2023 (July%202023%2012e9f03e8f9c812e95b2ff66bd7033f8.md)
Friday.png,Friday,"May 9, 2025",No,No,No,No,No,No,0,July 2023 (July%202023%2012e9f03e8f9c812e95b2ff66bd7033f8.md)
Saturday.png,Saturday,"May 10, 2025",No,No,No,No,No,No,0,July 2023 (July%202023%2012e9f03e8f9c812e95b2ff66bd7033f8.md)
Sunday.png,Sunday,"May 11, 2025",No,No,No,No,No,No,0,July 2023 (July%202023%2012e9f03e8f9c812e95b2ff66bd7033f8.md)
Monday.png,Monday,"May 12, 2025",No,No,No,No,No,No,0,July 2023 (July%202023%2012e9f03e8f9c812e95b2ff66bd7033f8.md)
Tuesday.png,Tuesday,"May 13, 2025",No,No,No,No,No,No,0,July 2023 (July%202023%2012e9f03e8f9c812e95b2ff66bd7033f8.md)
Wednesday.png,Wednesday,"May 14, 2025",No,No,No,No,No,No,0,July 2023 (July%202023%2012e9f03e8f9c812e95b2ff66bd7033f8.md)
Thursday.png,Thursday,"May 15, 2025",No,No,No,No,No,No,0,July 2023 (July%202023%2012e9f03e8f9c812e95b2ff66bd7033f8.md)
Friday.png,Friday,"May 16, 2025",No,No,No,No,No,No,0,July 2023 (July%202023%2012e9f03e8f9c812e95b2ff66bd7033f8.md)