﻿Day,Date,Wake Up Early,Meditate,Exercise,Journal,Read,Drink Water,Progress,Cover,Month
Sunday,"May 11, 2025",No,No,No,No,No,No,0,Sunday.png,July 2023 (July%202023%2012e9f03e8f9c812e95b2ff66bd7033f8.md)
Monday,"May 12, 2025",No,No,No,No,No,No,0,Monday.png,July 2023 (July%202023%2012e9f03e8f9c812e95b2ff66bd7033f8.md)
Tuesday,"May 13, 2025",No,No,No,No,No,No,0,Tuesday.png,July 2023 (July%202023%2012e9f03e8f9c812e95b2ff66bd7033f8.md)
Wednesday,"May 14, 2025",No,No,No,No,No,No,0,Wednesday.png,July 2023 (July%202023%2012e9f03e8f9c812e95b2ff66bd7033f8.md)
Thursday,"May 15, 2025",No,No,No,No,No,No,0,Thursday.png,July 2023 (July%202023%2012e9f03e8f9c812e95b2ff66bd7033f8.md)
Friday,"May 16, 2025",No,No,No,No,No,No,0,Friday.png,July 2023 (July%202023%2012e9f03e8f9c812e95b2ff66bd7033f8.md)